,OTU,.ID,group,Kingdom,Phylum,Class,Order,Family,Genus,Species,,,,
85,OTU,58,1,Fungi,Basidiomycota,Tremellomycetes,Tremellales,Incertae,Cryptococcus,Cryptococcus,sp,SH205063.07FU,,
772,OTU,131,1,Fungi,,,,,,,,,,
624,OTU,196,1,Fungi,Basidiomycota,Agaricomycetes,unidentified,unidentified,unidentified,Agaricomycetes,sp,SH461102.07FU,,
297,OTU,225,1,Fungi,,,,,,,,,,
397,OTU,325,1,Fungi,,,,,,,,,,
533,OTU,364,1,Fungi,,,,,,,,,,
223,OTU,374,1,Fungi,,,,,,,,,,
540,OTU,407,1,Fungi,,,,,,,,,,
250,OTU,415,1,Fungi,,,,,,,,,,
199,OTU,430,1,Fungi,,,,,,,,,,
446,OTU,463,1,Fungi,,,,,,,,,,
546,OTU,633,1,Fungi,,,,,,,,,,
733,OTU,879,1,Fungi,,,,,,,,,,
608,OTU,936,1,Fungi,,,,,,,,,,
569,OTU,1216,1,Fungi,,,,,,,,,,
774,OTU,1329,1,Fungi,,,,,,,,,,
254,OTU,1587,1,Fungi,,,,,,,,,,
660,OTU,1786,1,Fungi,,,,,,,,,,
443,OTU,1954,1,Fungi,,,,,,,,,,
539,OTU,1983,1,Fungi,unidentified,unidentified,unidentified,unidentified,unidentified,Fungi,sp,SH471931.07FU,,
618,OTU,1999,1,Fungi,,,,,,,,,,
167,OTU,2018,1,Fungi,,,,,,,,,,
482,OTU,2117,1,Fungi,,,,,,,,,,
510,OTU,2206,1,Fungi,unidentified,unidentified,unidentified,unidentified,unidentified,Fungi,sp,SH471931.07FU,,
681,OTU,2225,1,Fungi,unidentified,unidentified,unidentified,unidentified,unidentified,Fungi,sp,SH480184.07FU,,
554,OTU,2356,1,Fungi,unidentified,unidentified,unidentified,unidentified,unidentified,Fungi,sp,SH480184.07FU,,
407,OTU,2395,1,Fungi,unidentified,unidentified,unidentified,unidentified,unidentified,Fungi,sp,SH472358.07FU,,
548,OTU,2540,1,Fungi,unidentified,unidentified,unidentified,unidentified,unidentified,Fungi,sp,SH471931.07FU,,
337,OTU,2814,1,Fungi,unidentified,unidentified,unidentified,unidentified,unidentified,Fungi,sp,SH472358.07FU,,
753,OTU,2869,1,Fungi,unidentified,unidentified,unidentified,unidentified,unidentified,Fungi,sp,SH004657.07FU,,
653,OTU,3269,1,Fungi,,,,,,,,,,
342,OTU,3341,1,Fungi,,,,,,,,,,
321,OTU,3560,1,Fungi,,,,,,,,,,
606,OTU,3581,1,Fungi,,,,,,,,,,
763,OTU,3645,1,Fungi,,,,,,,,,,
731,OTU,3793,1,Fungi,,,,,,,,,,
184,OTU,3821,1,Fungi,Chytridiomycota,Chytridiomycetes,Rhizophydiales,Incertae,Operculomyces,Operculomyces,laminatus,SH210135.07FU,,
708,OTU,3823,1,Fungi,,,,,,,,,,
22,OTU,3829,1,Fungi,Zygomycota,Incertae,Mortierellales,Mortierellaceae,Mortierella,Mortierella,exigua,SH214063.07FU,,
292,OTU,3919,1,Fungi,,,,,,,,,,
404,OTU,3948,1,Fungi,,,,,,,,,,
282,OTU,4046,1,Fungi,,,,,,,,,,
757,OTU,4255,1,Fungi,,,,,,,,,,
751,OTU,4280,1,Fungi,,,,,,,,,,
658,OTU,4426,1,Fungi,,,,,,,,,,
380,OTU,4498,1,Fungi,,,,,,,,,,
19,OTU,4508,1,Fungi,Zygomycota,Incertae,Mortierellales,Mortierellaceae,Mortierella,,,,,
30,OTU,4513,1,Fungi,Zygomycota,Incertae,Mortierellales,Mortierellaceae,Mortierella,Mortierella,sp,SH180140.07FU,,
1,OTU,4521,1,Fungi,Zygomycota,Incertae,Mortierellales,Mortierellaceae,Mortierella,Mortierella,sp,SH180140.07FU,,
16,OTU,4559,1,Fungi,Zygomycota,Incertae,Mortierellales,Mortierellaceae,Mortierella,,,,,
471,OTU,4566,1,Fungi,,,,,,,,,,
84,OTU,4604,1,Fungi,Zygomycota,Incertae,Mortierellales,Mortierellaceae,Mortierella,,,,,
697,OTU,4631,1,Fungi,,,,,,,,,,
138,OTU,4742,1,Fungi,Zygomycota,Incertae,Mortierellales,Mortierellaceae,Mortierella,Mortierella,alpina,SH183633.07FU,,
743,OTU,4875,1,Fungi,,,,,,,,,,
29,OTU,4882,1,Fungi,Zygomycota,Incertae,Mortierellales,Mortierellaceae,Mortierella,Mortierella,alpina,SH183636.07FU,,
33,OTU,4888,1,Fungi,Zygomycota,Incertae,Mortierellales,Mortierellaceae,Mortierella,Mortierella,alpina,SH183636.07FU,,
86,OTU,4984,1,Fungi,Zygomycota,Incertae,Mortierellales,Mortierellaceae,Mortierella,Mortierella,gamsii,SH180111.07FU,,
2,OTU,4985,1,Fungi,Zygomycota,Incertae,Mortierellales,Mortierellaceae,Mortierella,Mortierella,gamsii,SH180111.07FU,,
87,OTU,4987,1,Fungi,Zygomycota,Incertae,Mortierellales,Mortierellaceae,Mortierella,Mortierella,gamsii,SH180111.07FU,,
121,OTU,5051,1,Fungi,Zygomycota,Incertae,Kickxellales,Kickxellaceae,Ramicandelaber,Ramicandelaber,sp,SH006496.07FU,,
336,OTU,5064,1,Fungi,Zygomycota,Incertae,Kickxellales,Kickxellaceae,Ramicandelaber,Ramicandelaber,sp,SH006496.07FU,,
423,OTU,5145,1,Fungi,Zygomycota,Incertae,Kickxellales,Kickxellaceae,Ramicandelaber,Ramicandelaber,sp,SH006496.07FU,,
127,OTU,5181,1,Fungi,Chytridiomycota,unidentified,unidentified,unidentified,unidentified,Chytridiomycota,sp,SH199186.07FU,,
452,OTU,5214,1,Fungi,,,,,,,,,,
643,OTU,5269,1,Fungi,Zygomycota,Incertae,Kickxellales,Kickxellaceae,Ramicandelaber,Ramicandelaber,sp,SH006496.07FU,,
13,OTU,5286,1,Fungi,Zygomycota,Incertae,Mortierellales,Mortierellaceae,Mortierella,Mortierella,minutissima,SH196780.07FU,,
151,OTU,5290,1,Fungi,Zygomycota,Incertae,Mortierellales,Mortierellaceae,Mortierella,Mortierella,minutissima,SH196780.07FU,,
59,OTU,5295,1,Fungi,Zygomycota,Incertae,Mortierellales,Mortierellaceae,Mortierella,Mortierella,minutissima,SH196780.07FU,,
31,OTU,5300,1,Fungi,Zygomycota,Incertae,Mortierellales,Mortierellaceae,Mortierella,Mortierella,minutissima,SH196780.07FU,,
311,OTU,5325,1,Fungi,,,,,,,,,,
629,OTU,5328,1,Fungi,,,,,,,,,,
419,OTU,5373,1,Fungi,Zygomycota,Incertae,Kickxellales,Kickxellaceae,Ramicandelaber,Ramicandelaber,sp,SH006496.07FU,,
409,OTU,5397,1,Fungi,Zygomycota,Incertae,Kickxellales,Kickxellaceae,Ramicandelaber,Ramicandelaber,sp,SH006496.07FU,,
154,OTU,5545,1,Fungi,Zygomycota,Incertae,Kickxellales,Kickxellaceae,Ramicandelaber,Ramicandelaber,sp,SH006496.07FU,,
75,OTU,5559,1,Fungi,Zygomycota,Incertae,Kickxellales,Kickxellaceae,Ramicandelaber,Ramicandelaber,sp,SH006496.07FU,,
175,OTU,5611,1,Fungi,,,,,,,,,,
205,OTU,5632,1,Fungi,Zygomycota,Incertae,Mortierellales,Mortierellaceae,Mortierella,Mortierella,pseudozygospora,SH208762.07FU,,
364,OTU,5689,1,Fungi,,,,,,,,,,
714,OTU,5986,1,Fungi,Ascomycota,Dothideomycetes,unidentified,unidentified,unidentified,Dothideomycetes,sp,SH475473.07FU,,
244,OTU,6012,1,Fungi,,,,,,,,,,
527,OTU,6123,1,Fungi,,,,,,,,,,
683,OTU,6154,1,Fungi,unidentified,unidentified,unidentified,unidentified,unidentified,Fungi,sp,SH029303.07FU,,
716,OTU,6163,1,Fungi,,,,,,,,,,
105,OTU,6184,1,Fungi,,,,,,,,,,
6,OTU,6202,1,Fungi,Basidiomycota,Tremellomycetes,Tremellales,Incertae,Cryptococcus,Cryptococcus,aerius,SH190019.07FU,,
18,OTU,6221,1,Fungi,Basidiomycota,Tremellomycetes,Tremellales,Incertae,Cryptococcus,Cryptococcus,aerius,SH190019.07FU,,
529,OTU,6448,1,Fungi,Basidiomycota,Agaricomycetes,unidentified,unidentified,unidentified,Agaricomycetes,sp,SH463958.07FU,,
497,OTU,6458,1,Fungi,unidentified,unidentified,unidentified,unidentified,unidentified,Fungi,sp,SH029303.07FU,,
378,OTU,6494,1,Fungi,,,,,,,,,,
107,OTU,6561,1,Fungi,,,,,,,,,,
490,OTU,6660,1,Fungi,Chytridiomycota,Chytridiomycetes,Rhizophydiales,Incertae,Operculomyces,Operculomyces,laminatus,SH210135.07FU,,
657,OTU,6663,1,Fungi,unidentified,unidentified,unidentified,unidentified,unidentified,Fungi,sp,SH481248.07FU,,
455,OTU,6708,1,Fungi,,,,,,,,,,
200,OTU,6757,1,Fungi,Chytridiomycota,Chytridiomycetes,Rhizophydiales,Incertae,Operculomyces,Operculomyces,laminatus,SH210135.07FU,,
495,OTU,6770,1,Fungi,Basidiomycota,Ustilaginomycetes,Urocystidales,Urocystidaceae,Urocystis,Urocystis,fischeri,SH007549.07FU,,
557,OTU,6829,1,Fungi,,,,,,,,,,
365,OTU,6891,1,Fungi,,,,,,,,,,
741,OTU,6959,1,Fungi,Basidiomycota,Agaricomycetes,unidentified,unidentified,unidentified,Agaricomycetes,sp,SH463958.07FU,,
514,OTU,7005,1,Fungi,Zygomycota,Incertae,Mortierellales,Mortierellaceae,Mortierella,Mortierella,exigua,SH214063.07FU,,
46,OTU,7181,1,Fungi,Zygomycota,Incertae,Mortierellales,Mortierellaceae,Mortierella,Mortierella,sp,SH180140.07FU,,
233,OTU,7262,1,Fungi,,,,,,,,,,
732,OTU,7274,1,Fungi,,,,,,,,,,
353,OTU,7481,1,Fungi,,,,,,,,,,
746,OTU,7490,1,Fungi,,,,,,,,,,
517,OTU,7494,1,Fungi,Chytridiomycota,Chytridiomycetes,Rhizophydiales,Incertae,Operculomyces,Operculomyces,laminatus,SH210135.07FU,,
537,OTU,7510,1,Fungi,Basidiomycota,Agaricomycetes,Agaricales,Niaceae,Lachnella,Lachnella,villosa,SH210503.07FU,,
607,OTU,7513,1,Fungi,,,,,,,,,,
610,OTU,7595,1,Fungi,,,,,,,,,,
436,OTU,7598,1,Fungi,,,,,,,,,,
465,OTU,7610,1,Fungi,,,,,,,,,,
728,OTU,7624,1,Fungi,,,,,,,,,,
675,OTU,7633,1,Fungi,,,,,,,,,,
362,OTU,7653,1,Fungi,,,,,,,,,,
550,OTU,7684,1,Fungi,Chytridiomycota,Chytridiomycetes,Rhizophydiales,Incertae,Operculomyces,Operculomyces,laminatus,SH210135.07FU,,
243,OTU,7701,1,Fungi,,,,,,,,,,
189,OTU,7810,1,Fungi,,,,,,,,,,
174,OTU,7819,1,Fungi,Chytridiomycota,Chytridiomycetes,Olpidiales,Olpidiaceae,Olpidiaster,Olpidiaster,brassicae,SH194417.07FU,,
672,OTU,7840,1,Fungi,,,,,,,,,,
212,OTU,7861,1,Fungi,,,,,,,,,,
308,OTU,7866,1,Fungi,Chytridiomycota,Chytridiomycetes,Olpidiales,Olpidiaceae,Olpidiaster,Olpidiaster,brassicae,SH216672.07FU,,
725,OTU,7872,1,Fungi,,,,,,,,,,
227,OTU,7877,1,Fungi,,,,,,,,,,
664,OTU,7886,1,Fungi,,,,,,,,,,
53,OTU,7967,1,Fungi,,,,,,,,,,
442,OTU,7973,1,Fungi,Chytridiomycota,Chytridiomycetes,Olpidiales,Olpidiaceae,Olpidiaster,Olpidiaster,brassicae,SH216672.07FU,,
632,OTU,8003,1,Fungi,,,,,,,,,,
131,OTU,8081,1,Fungi,Chytridiomycota,Chytridiomycetes,Olpidiales,Olpidiaceae,Olpidiaster,Olpidiaster,brassicae,SH194417.07FU,,
178,OTU,8113,1,Fungi,Zygomycota,Incertae,Mortierellales,Mortierellaceae,Mortierella,,,,,
384,OTU,8255,1,Fungi,Zygomycota,Incertae,Mortierellales,Mortierellaceae,Mortierella,Mortierella,sp,SH180140.07FU,,
553,OTU,8277,1,Fungi,,,,,,,,,,
3,OTU,8281,1,Fungi,Zygomycota,Incertae,Mortierellales,Mortierellaceae,Mortierella,,,,,
427,OTU,8288,1,Fungi,,,,,,,,,,
303,OTU,8301,1,Fungi,Chytridiomycota,Chytridiomycetes,Spizellomycetales,Spizellomycetaceae,Powellomyces,Powellomyces,hirtus,SH221975.07FU,,
522,OTU,8325,1,Fungi,,,,,,,,,,
659,OTU,8372,1,Fungi,,,,,,,,,,
599,OTU,8425,1,Fungi,,,,,,,,,,
577,OTU,8434,1,Fungi,Chytridiomycota,,,,,,,,,
347,OTU,8523,1,Fungi,Zygomycota,Incertae,Mortierellales,Mortierellaceae,Mortierella,Mortierella,sp,SH180140.07FU,,
327,OTU,8556,1,Fungi,Zygomycota,Incertae,Mortierellales,Mortierellaceae,Mortierella,Mortierella,sp,SH180140.07FU,,
560,OTU,8566,1,Fungi,,,,,,,,,,
676,OTU,8569,1,Fungi,,,,,,,,,,
747,OTU,8576,1,Fungi,,,,,,,,,,
148,OTU,8638,1,Fungi,,,,,,,,,,
123,OTU,8680,1,Fungi,Zygomycota,Incertae,Mortierellales,Mortierellaceae,Mortierella,,,,,
389,OTU,8706,1,Fungi,,,,,,,,,,
146,OTU,8722,1,Fungi,Zygomycota,Incertae,Mortierellales,Mortierellaceae,Mortierella,Mortierella,alpina,SH183633.07FU,,
320,OTU,8732,1,Fungi,Zygomycota,Incertae,Mortierellales,Mortierellaceae,Mortierella,Mortierella,sp,SH003983.07FU,,
761,OTU,8852,1,Fungi,,,,,,,,,,
437,OTU,8877,1,Fungi,,,,,,,,,,
217,OTU,8979,1,Fungi,Zygomycota,Incertae,Mortierellales,Mortierellaceae,Mortierella,,,,,
617,OTU,9017,1,Fungi,,,,,,,,,,
377,OTU,9024,1,Fungi,Zygomycota,Incertae,Mortierellales,Mortierellaceae,Mortierella,Mortierella,sp,SH180140.07FU,,
724,OTU,9029,1,Fungi,Zygomycota,Incertae,Mortierellales,Mortierellaceae,Mortierella,Mortierella,alpina,SH183636.07FU,,
583,OTU,9045,1,Fungi,Chytridiomycota,Chytridiomycetes,Spizellomycetales,Spizellomycetaceae,Powellomyces,Powellomyces,sp,SH006449.07FU,,
357,OTU,9053,1,Fungi,,,,,,,,,,
703,OTU,9092,1,Fungi,,,,,,,,,,
457,OTU,9124,1,Fungi,Basidiomycota,Agaricostilbomycetes,Agaricostilbales,Chionosphaeraceae,Kurtzmanomyces,Kurtzmanomyces,sp,SH016001.07FU,,
245,OTU,9178,1,Fungi,Zygomycota,Incertae,Mortierellales,Mortierellaceae,Mortierella,Mortierella,gamsii,SH180111.07FU,,
713,OTU,9189,1,Fungi,,,,,,,,,,
312,OTU,9200,1,Fungi,Zygomycota,Incertae,Mortierellales,unidentified,unidentified,Mortierellales,sp,SH007215.07FU,,
424,OTU,9243,1,Fungi,Chytridiomycota,Chytridiomycetes,Spizellomycetales,Spizellomycetaceae,Powellomyces,Powellomyces,sp,SH006448.07FU,,
387,OTU,9319,1,Fungi,,,,,,,,,,
37,OTU,9325,1,Fungi,Zygomycota,Incertae,Mortierellales,Mortierellaceae,Mortierella,,,,,
775,OTU,9497,1,Fungi,Glomeromycota,Glomeromycetes,Glomerales,Glomeraceae,unidentified,,,,,
715,OTU,9532,1,Fungi,,,,,,,,,,
236,OTU,9599,1,Fungi,Basidiomycota,Agaricomycetes,Agaricales,Entolomataceae,Entoloma,Entoloma,sp,SH007588.07FU,,
719,OTU,9606,1,Fungi,,,,,,,,,,
119,OTU,9677,1,Fungi,,,,,,,,,,
509,OTU,9679,1,Fungi,,,,,,,,,,
356,OTU,9682,1,Fungi,,,,,,,,,,
769,OTU,9695,1,Fungi,,,,,,,,,,
274,OTU,9708,1,Fungi,,,,,,,,,,
253,OTU,9721,1,Fungi,,,,,,,,,,
109,OTU,9734,1,Fungi,,,,,,,,,,
335,OTU,9760,1,Fungi,Chytridiomycota,unidentified,unidentified,unidentified,unidentified,Chytridiomycota,sp,SH015980.07FU,,
67,OTU,9766,1,Fungi,Zygomycota,Incertae,Mortierellales,Mortierellaceae,Mortierella,Mortierella,minutissima,SH196780.07FU,,
139,OTU,9831,1,Fungi,Zygomycota,Incertae,Mortierellales,Mortierellaceae,Mortierella,,,,,
650,OTU,9836,1,Fungi,,,,,,,,,,
758,OTU,9904,1,Fungi,Basidiomycota,Agaricomycetes,Cantharellales,Ceratobasidiaceae,unidentified,Ceratobasidiaceae,sp,SH008005.07FU,,
755,OTU,9972,1,Fungi,unidentified,unidentified,unidentified,unidentified,unidentified,Fungi,sp,SH015981.07FU,,
449,OTU,10008,1,Fungi,,,,,,,,,,
638,OTU,10016,1,Fungi,Zygomycota,Incertae,Mortierellales,Mortierellaceae,Mortierella,Mortierella,globulifera,SH185972.07FU,,
586,OTU,10018,1,Fungi,Chytridiomycota,unidentified,unidentified,unidentified,unidentified,,,,,
742,OTU,10037,1,Fungi,,,,,,,,,,
286,OTU,10173,1,Fungi,Chytridiomycota,Chytridiomycetes,unidentified,unidentified,unidentified,Chytridiomycetes,sp,SH175387.07FU,,
355,OTU,10187,1,Fungi,Basidiomycota,Agaricomycetes,,,,,,,,
573,OTU,10221,1,Fungi,,,,,,,,,,
591,OTU,10230,1,Fungi,,,,,,,,,,
706,OTU,10258,1,Fungi,Zygomycota,Incertae,Mortierellales,Mortierellaceae,Mortierella,Mortierella,pseudozygospora,SH208762.07FU,,
476,OTU,10407,1,Fungi,,,,,,,,,,
8,OTU,10481,1,Fungi,Basidiomycota,Tremellomycetes,Tremellales,Incertae,Cryptococcus,Cryptococcus,aerius,SH190019.07FU,,
542,OTU,10496,1,Fungi,Ascomycota,Orbiliomycetes,Orbiliales,unidentified,unidentified,,,,,
590,OTU,10497,1,Fungi,Basidiomycota,Agaricomycetes,Cantharellales,Ceratobasidiaceae,unidentified,Ceratobasidiaceae,sp,SH008005.07FU,,
192,OTU,10584,1,Fungi,Ascomycota,Orbiliomycetes,Orbiliales,unidentified,unidentified,Orbiliales,sp,SH010294.07FU,,
466,OTU,10587,1,Fungi,,,,,,,,,,
777,OTU,10591,1,Fungi,Basidiomycota,Agaricomycetes,Russulales,Stephanosporaceae,,,,,,
589,OTU,10659,1,Fungi,Basidiomycota,Agaricomycetes,Polyporales,Fomitopsidaceae,Postia,Postia,stiptica,SH189189.07FU,,
614,OTU,10742,1,Fungi,Basidiomycota,Agaricomycetes,,,,,,,,
219,OTU,10756,1,Fungi,,,,,,,,,,
396,OTU,10800,1,Fungi,Basidiomycota,Tremellomycetes,Cystofilobasidiales,Cystofilobasidiaceae,Itersonilia,Itersonilia,perplexans,SH199072.07FU,,
595,OTU,10819,1,Fungi,,,,,,,,,,
125,OTU,10912,1,Fungi,Basidiomycota,Tremellomycetes,unidentified,unidentified,unidentified,Tremellomycetes,sp,SH194012.07FU,,
113,OTU,10931,1,Fungi,Basidiomycota,Agaricomycetes,Cantharellales,Incertae,Minimedusa,Minimedusa,polyspora,SH201127.07FU,,
481,OTU,11120,1,Fungi,,,,,,,,,,
501,OTU,11191,1,Fungi,,,,,,,,,,
81,OTU,11227,1,Fungi,,,,,,,,,,
38,OTU,11234,1,Fungi,Ascomycota,unidentified,unidentified,unidentified,unidentified,Ascomycota,sp,SH217934.07FU,,
77,OTU,11250,1,Fungi,,,,,,,,,,
688,OTU,11263,1,Fungi,Basidiomycota,Exobasidiomycetes,,,,,,,,
726,OTU,11390,1,Fungi,,,,,,,,,,
142,OTU,11400,1,Fungi,Chytridiomycota,,,,,,,,,
325,OTU,11414,1,Fungi,Basidiomycota,Agaricomycetes,,,,,,,,
450,OTU,11465,1,Fungi,,,,,,,,,,
665,OTU,11509,1,Fungi,Basidiomycota,Tremellomycetes,Tremellales,Incertae,Cryptococcus,,,,,
160,OTU,11550,1,Fungi,,,,,,,,,,
305,OTU,11624,1,Fungi,Basidiomycota,Agaricomycetes,Agaricales,Clavariaceae,Clavaria,Clavaria,californica,SH197588.07FU,,
422,OTU,11675,1,Fungi,Basidiomycota,Agaricomycetes,Agaricales,Clavariaceae,Clavaria,Clavaria,californica,SH197588.07FU,,
170,OTU,11685,1,Fungi,Chytridiomycota,Chytridiomycetes,Spizellomycetales,Spizellomycetaceae,Spizellomyces,Spizellomyces,lactosolyticus,SH210195.07FU,,
561,OTU,11689,1,Fungi,Ascomycota,Eurotiomycetes,Chaetothyriales,Herpotrichiellaceae,,,,,,
350,OTU,11714,1,Fungi,,,,,,,,,,
301,OTU,11758,1,Fungi,,,,,,,,,,
474,OTU,11840,1,Fungi,Ascomycota,Orbiliomycetes,Orbiliales,Orbiliaceae,unidentified,,,,,
536,OTU,11852,1,Fungi,Chytridiomycota,unidentified,unidentified,unidentified,unidentified,Chytridiomycota,sp,SH466107.07FU,,
289,OTU,11878,1,Fungi,,,,,,,,,,
771,OTU,11902,1,Fungi,,,,,,,,,,
526,OTU,12135,1,Fungi,,,,,,,,,,
56,OTU,12264,1,Fungi,Basidiomycota,Tremellomycetes,Tremellales,Incertae,Cryptococcus,Cryptococcus,aerius,SH190019.07FU,,
27,OTU,12280,1,Fungi,Basidiomycota,Tremellomycetes,Tremellales,Incertae,Cryptococcus,Cryptococcus,aerius,SH190019.07FU,,
749,OTU,12333,1,Fungi,,,,,,,,,,
504,OTU,12362,1,Fungi,,,,,,,,,,
58,OTU,12411,1,Fungi,Basidiomycota,Tremellomycetes,Tremellales,Incertae,Cryptococcus,Cryptococcus,aerius,SH190019.07FU,,
563,OTU,12447,1,Fungi,,,,,,,,,,
343,OTU,12449,1,Fungi,,,,,,,,,,
94,OTU,12458,1,Fungi,Basidiomycota,Tremellomycetes,Tremellales,Incertae,Cryptococcus,Cryptococcus,aerius,SH190019.07FU,,
104,OTU,12479,1,Fungi,Basidiomycota,Tremellomycetes,Tremellales,Incertae,Cryptococcus,Cryptococcus,aerius,SH190019.07FU,,
187,OTU,12519,1,Fungi,Basidiomycota,Microbotryomycetes,Sporidiobolales,unidentified,unidentified,Sporidiobolales,sp,SH022903.07FU,,
195,OTU,12676,1,Fungi,,,,,,,,,,
723,OTU,12696,1,Fungi,Basidiomycota,Microbotryomycetes,,,,,,,,
770,OTU,12702,1,Fungi,,,,,,,,,,
489,OTU,12712,1,Fungi,Basidiomycota,Agaricomycetes,Agaricales,Pluteaceae,Volvopluteus,Volvopluteus,gloiocephalus,SH221286.07FU,,
622,OTU,12732,1,Fungi,,,,,,,,,,
521,OTU,12922,1,Fungi,,,,,,,,,,
448,OTU,12931,1,Fungi,Basidiomycota,Agaricomycetes,,,,,,,,
181,OTU,12967,1,Fungi,,,,,,,,,,
776,OTU,13198,1,Fungi,,,,,,,,,,
100,OTU,13282,1,Fungi,Basidiomycota,Microbotryomycetes,,,,,,,,
734,OTU,13459,1,Fungi,,,,,,,,,,
340,OTU,13779,1,Fungi,,,,,,,,,,
417,OTU,13810,1,Fungi,Basidiomycota,Agaricomycetes,unidentified,unidentified,unidentified,Agaricomycetes,sp,SH013384.07FU,,
730,OTU,13898,1,Fungi,Ascomycota,,,,,,,,,
360,OTU,14023,1,Fungi,unidentified,unidentified,unidentified,unidentified,unidentified,Fungi,sp,SH206997.07FU,,
370,OTU,14061,1,Fungi,Basidiomycota,Agaricomycetes,unidentified,unidentified,unidentified,Agaricomycetes,sp,SH013384.07FU,,
459,OTU,14115,1,Fungi,Glomeromycota,Glomeromycetes,Diversisporales,Acaulosporaceae,,,,,,
709,OTU,14234,1,Fungi,Chytridiomycota,Chytridiomycetes,Rhizophydiales,Rhizophydiaceae,Rhizophydium,Rhizophydium,sp,SH196848.07FU,,
221,OTU,14236,1,Fungi,Basidiomycota,Agaricomycetes,Trechisporales,unidentified,unidentified,Trechisporales,sp,SH185925.07FU,,
625,OTU,14238,1,Fungi,Zygomycota,Incertae,Mucorales,Umbelopsidaceae,Umbelopsis,,,,,
663,OTU,14248,1,Fungi,Basidiomycota,Agaricomycetes,Agaricales,Mycenaceae,Mycena,Mycena,albidolilacea,SH220718.07FU,,
744,OTU,14272,1,Fungi,Basidiomycota,Agaricomycetes,unidentified,unidentified,unidentified,Agaricomycetes,sp,SH013384.07FU,,
36,OTU,14649,1,Fungi,Ascomycota,Sordariomycetes,Hypocreales,Incertae,Acremonium,Acremonium,persicinum,SH207979.07FU,,
390,OTU,14679,1,Fungi,Basidiomycota,Agaricomycetes,Agaricales,Entolomataceae,Entoloma,Entoloma,defibulatum,SH032811.07FU,,
519,OTU,14699,1,Fungi,Basidiomycota,Agaricomycetes,unidentified,unidentified,unidentified,Agaricomycetes,sp,SH013384.07FU,,
293,OTU,14794,1,Fungi,,,,,,,,,,
711,OTU,14857,1,Fungi,Basidiomycota,Agaricomycetes,,,,,,,,
516,OTU,14878,1,Fungi,Basidiomycota,,,,,,,,,
197,OTU,14887,1,Fungi,Basidiomycota,Microbotryomycetes,Leucosporidiales,Leucosporidiaceae,Mastigobasidium,Mastigobasidium,sp,SH193777.07FU,,
656,OTU,14902,1,Fungi,Basidiomycota,Agaricomycetes,Agaricales,unidentified,unidentified,Agaricales,sp,SH013385.07FU,,
551,OTU,14918,1,Fungi,Basidiomycota,Agaricomycetes,Agaricales,Entolomataceae,,,,,,
677,OTU,14926,1,Fungi,Basidiomycota,Agaricomycetes,unidentified,unidentified,unidentified,Agaricomycetes,sp,SH467304.07FU,,
685,OTU,15004,1,Fungi,Basidiomycota,Agaricomycetes,Agaricales,unidentified,unidentified,Agaricales,sp,SH013385.07FU,,
220,OTU,15092,1,Fungi,Basidiomycota,Microbotryomycetes,Leucosporidiales,Leucosporidiaceae,,,,,,
273,OTU,15370,1,Fungi,,,,,,,,,,
128,OTU,15385,1,Fungi,Basidiomycota,Microbotryomycetes,Leucosporidiales,Leucosporidiaceae,,,,,,
280,OTU,15674,1,Fungi,,,,,,,,,,
507,OTU,15684,1,Fungi,Basidiomycota,Microbotryomycetes,Leucosporidiales,unidentified,unidentified,,,,,
641,OTU,15753,1,Fungi,Basidiomycota,Agaricomycetes,Agaricales,unidentified,unidentified,Agaricales,sp,SH013385.07FU,,
173,OTU,15844,1,Fungi,Basidiomycota,,,,,,,,,
780,OTU,15916,1,Fungi,Basidiomycota,Agaricomycetes,Agaricales,Clavariaceae,Ramariopsis,Ramariopsis,sp,SH014393.07FU,,
779,OTU,16021,1,Fungi,unidentified,unidentified,unidentified,unidentified,unidentified,Fungi,sp,SH007891.07FU,,
371,OTU,16159,1,Fungi,,,,,,,,,,
214,OTU,16176,1,Fungi,Basidiomycota,Microbotryomycetes,Leucosporidiales,,,,,,,
434,OTU,16204,1,Fungi,Basidiomycota,Agaricomycetes,Agaricales,Clavariaceae,unidentified,Clavariaceae,sp,SH014395.07FU,,
630,OTU,16295,1,Fungi,Basidiomycota,Agaricomycetes,Agaricales,Psathyrellaceae,unidentified,Psathyrellaceae,sp,SH219038.07FU,,
388,OTU,16449,1,Fungi,Basidiomycota,Microbotryomycetes,Sporidiobolales,,,,,,,
304,OTU,16458,1,Fungi,Basidiomycota,Microbotryomycetes,Sporidiobolales,Incertae,Rhodotorula,,,,,
392,OTU,16466,1,Fungi,Basidiomycota,Agaricomycetes,Agaricales,Entolomataceae,Entoloma,Entoloma,conicosericeum,SH221918.07FU,,
295,OTU,16501,1,Fungi,Basidiomycota,Agaricomycetes,Agaricales,,,,,,,
262,OTU,16587,1,Fungi,,,,,,,,,,
88,OTU,16691,1,Fungi,,,,,,,,,,
201,OTU,16738,1,Fungi,Basidiomycota,Agaricomycetes,Trechisporales,Hydnodontaceae,,,,,,
760,OTU,16787,1,Fungi,,,,,,,,,,
373,OTU,17001,1,Fungi,Basidiomycota,unidentified,unidentified,unidentified,unidentified,Basidiomycota,sp,SH194783.07FU,,
639,OTU,17093,1,Fungi,,,,,,,,,,
400,OTU,17229,1,Fungi,,,,,,,,,,
594,OTU,17235,1,Fungi,,,,,,,,,,
575,OTU,17247,1,Fungi,Basidiomycota,Agaricomycetes,Agaricales,Entolomataceae,Entoloma,Entoloma,sp,SH007588.07FU,,
310,OTU,17255,1,Fungi,Basidiomycota,Agaricomycetes,Agaricales,Entolomataceae,Entoloma,Entoloma,sacchariolens,SH197363.07FU,,
211,OTU,17263,1,Fungi,Basidiomycota,Agaricomycetes,Agaricales,Entolomataceae,Entoloma,Entoloma,sp,SH007588.07FU,,
588,OTU,17264,1,Fungi,Ascomycota,unidentified,unidentified,unidentified,unidentified,,,,,
615,OTU,17270,1,Fungi,Basidiomycota,,,,,,,,,
669,OTU,17394,1,Fungi,Basidiomycota,Agaricostilbomycetes,,,,,,,,
361,OTU,17446,1,Fungi,Basidiomycota,Pucciniomycetes,unidentified,unidentified,unidentified,Pucciniomycetes,sp,SH020484.07FU,,
566,OTU,17458,1,Fungi,Basidiomycota,Agaricomycetes,Agaricales,Clavariaceae,unidentified,Clavariaceae,sp,SH014395.07FU,,
198,OTU,17490,1,Fungi,,,,,,,,,,
565,OTU,17494,1,Fungi,Basidiomycota,Agaricomycetes,unidentified,unidentified,unidentified,Agaricomycetes,sp,SH013384.07FU,,
559,OTU,17524,1,Fungi,Basidiomycota,Agaricomycetes,Agaricales,Psathyrellaceae,Psathyrella,,,,,
256,OTU,17585,1,Fungi,Basidiomycota,,,,,,,,,
82,OTU,17785,1,Fungi,Ascomycota,Sordariomycetes,Microascales,Microascaceae,,,,,,
379,OTU,17991,1,Fungi,Basidiomycota,unidentified,unidentified,unidentified,unidentified,Basidiomycota,sp,SH464490.07FU,,
314,OTU,18157,1,Fungi,Basidiomycota,Agaricomycetes,Agaricales,unidentified,unidentified,Agaricales,sp,SH187289.07FU,,
651,OTU,18225,1,Fungi,Glomeromycota,Glomeromycetes,Diversisporales,Diversisporaceae,Diversispora,,,,,
584,OTU,18245,1,Fungi,Basidiomycota,Agaricomycetes,Agaricales,Psathyrellaceae,Coprinellus,,,,,
690,OTU,18265,1,Fungi,,,,,,,,,,
576,OTU,18293,1,Fungi,Basidiomycota,Tremellomycetes,Tremellales,Incertae,Cryptococcus,Cryptococcus,podzolicus,SH181879.07FU,,
735,OTU,18354,1,Fungi,Basidiomycota,Agaricomycetes,Agaricales,Entolomataceae,Entoloma,Entoloma,graphitipes,f.,cystidiatum,SH221924.07FU
281,OTU,18509,1,Fungi,Basidiomycota,Agaricomycetes,Agaricales,unidentified,unidentified,Agaricales,sp,SH013385.07FU,,
445,OTU,18625,1,Fungi,Basidiomycota,Agaricomycetes,Polyporales,Ganodermataceae,Ganoderma,Ganoderma,adspersum,SH187221.07FU,,
704,OTU,18717,1,Fungi,Glomeromycota,Glomeromycetes,Diversisporales,Diversisporaceae,,,,,,
634,OTU,18773,1,Fungi,Zygomycota,Incertae,Mucorales,Cunninghamellaceae,Absidia,,,,,
319,OTU,18869,1,Fungi,Ascomycota,unidentified,unidentified,unidentified,unidentified,Ascomycota,sp,SH217932.07FU,,
401,OTU,19213,1,Fungi,,,,,,,,,,
83,OTU,19315,1,Fungi,Ascomycota,Saccharomycetes,Saccharomycetales,Incertae,Schwanniomyces,Schwanniomyces,yamadae,SH190095.07FU,,
435,OTU,19318,1,Fungi,Basidiomycota,Agaricostilbomycetes,,,,,,,,
277,OTU,19463,1,Fungi,Basidiomycota,Agaricomycetes,unidentified,unidentified,unidentified,Agaricomycetes,sp,SH013384.07FU,,
433,OTU,19506,1,Fungi,,,,,,,,,,
485,OTU,19604,1,Fungi,,,,,,,,,,
71,OTU,19648,1,Fungi,Ascomycota,Sordariomycetes,Hypocreales,Clavicipitaceae,Metacordyceps,Metacordyceps,chlamydosporia,SH012125.07FU,,
605,OTU,19663,1,Fungi,Zygomycota,Incertae,Mucorales,Cunninghamellaceae,Absidia,Absidia,sp,SH190047.07FU,,
667,OTU,19681,1,Fungi,Zygomycota,Incertae,Mucorales,Cunninghamellaceae,Gongronella,Gongronella,butleri,SH186911.07FU,,
248,OTU,19709,1,Fungi,Ascomycota,Eurotiomycetes,Chaetothyriales,Herpotrichiellaceae,,,,,,
116,OTU,19920,1,Fungi,Ascomycota,unidentified,unidentified,unidentified,unidentified,Ascomycota,sp,SH217934.07FU,,
494,OTU,19956,1,Fungi,Ascomycota,,,,,,,,,
596,OTU,19958,1,Fungi,Zygomycota,Incertae,Mucorales,Cunninghamellaceae,Absidia,,,,,
773,OTU,19994,1,Fungi,Basidiomycota,Agaricomycetes,Agaricales,Bolbitiaceae,Conocybe,,,,,
680,OTU,20180,1,Fungi,,,,,,,,,,
470,OTU,20187,1,Fungi,Rozellomycota,unidentified,unidentified,unidentified,unidentified,Rozellomycota,sp,SH011035.07FU,,
418,OTU,20376,1,Fungi,Ascomycota,Sordariomycetes,Hypocreales,Clavicipitaceae,Metarhizium,,,,,
693,OTU,20390,1,Fungi,Basidiomycota,Agaricomycetes,Agaricales,Psathyrellaceae,Psathyrella,,,,,
383,OTU,20414,1,Fungi,Rozellomycota,unidentified,unidentified,unidentified,unidentified,Rozellomycota,sp,SH191083.07FU,,
411,OTU,20417,1,Fungi,,,,,,,,,,
317,OTU,20467,1,Fungi,Ascomycota,,,,,,,,,
330,OTU,20504,1,Fungi,Ascomycota,Sordariomycetes,Microascales,Microascaceae,unidentified,Microascaceae,sp,SH194818.07FU,,
10,OTU,20539,1,Fungi,Ascomycota,Eurotiomycetes,Chaetothyriales,Herpotrichiellaceae,,,,,,
246,OTU,20752,1,Fungi,Ascomycota,Eurotiomycetes,Chaetothyriales,Herpotrichiellaceae,,,,,,
453,OTU,20763,1,Fungi,Ascomycota,Eurotiomycetes,Chaetothyriales,Herpotrichiellaceae,,,,,,
358,OTU,20803,1,Fungi,Ascomycota,Sordariomycetes,Microascales,Microascaceae,unidentified,Microascaceae,sp,SH194814.07FU,,
460,OTU,20805,1,Fungi,Ascomycota,Eurotiomycetes,Chaetothyriales,Herpotrichiellaceae,,,,,,
695,OTU,20944,1,Fungi,,,,,,,,,,
572,OTU,20953,1,Fungi,Basidiomycota,Agaricomycetes,Agaricales,unidentified,unidentified,Agaricales,sp,SH175220.07FU,,
484,OTU,20976,1,Fungi,Ascomycota,Eurotiomycetes,Onygenales,Onygenaceae,Chrysosporium,Chrysosporium,europae,SH200823.07FU,,
258,OTU,20994,1,Fungi,Ascomycota,Sordariomycetes,Sordariales,,,,,,,
241,OTU,21011,1,Fungi,Ascomycota,Saccharomycetes,Saccharomycetales,Lipomycetaceae,Lipomyces,Lipomyces,lipofer,SH211524.07FU,,
525,OTU,21028,1,Fungi,Basidiomycota,Agaricomycetes,Agaricales,unidentified,unidentified,Agaricales,sp,SH201242.07FU,,
469,OTU,21036,1,Fungi,Glomeromycota,Glomeromycetes,Glomerales,Glomeraceae,unidentified,,,,,
652,OTU,21054,1,Fungi,Glomeromycota,Glomeromycetes,Glomerales,Glomeraceae,unidentified,Glomeraceae,sp,SH181430.07FU,,
242,OTU,21245,1,Fungi,Ascomycota,Eurotiomycetes,,,,,,,,
499,OTU,21285,1,Fungi,,,,,,,,,,
619,OTU,21389,1,Fungi,Rozellomycota,unidentified,unidentified,unidentified,unidentified,,,,,
164,OTU,21442,1,Fungi,Ascomycota,Sordariomycetes,Microascales,Microascaceae,unidentified,Microascaceae,sp,SH194818.07FU,,
426,OTU,21464,1,Fungi,Ascomycota,Sordariomycetes,Hypocreales,Niessliaceae,Monocillium,Monocillium,indicum,SH012417.07FU,,
702,OTU,21501,1,Fungi,Ascomycota,Sordariomycetes,,,,,,,,
322,OTU,21582,1,Fungi,Ascomycota,Sordariomycetes,Microascales,Incertae,Cephalotrichiella,Cephalotrichiella,penicillata,SH483068.07FU,,
278,OTU,21587,1,Fungi,,,,,,,,,,
114,OTU,21662,1,Fungi,Ascomycota,Sordariomycetes,Microascales,Microascaceae,unidentified,Microascaceae,sp,SH194814.07FU,,
592,OTU,21670,1,Fungi,Basidiomycota,Agaricomycetes,Sebacinales,,,,,,,
65,OTU,21671,1,Fungi,Ascomycota,Sordariomycetes,,,,,,,,
710,OTU,21691,1,Fungi,Glomeromycota,Glomeromycetes,Glomerales,Glomeraceae,unidentified,,,,,
611,OTU,21802,1,Fungi,Basidiomycota,Agaricomycetes,,,,,,,,
684,OTU,21855,1,Fungi,,,,,,,,,,
328,OTU,21861,1,Fungi,,,,,,,,,,
547,OTU,21879,1,Fungi,Zygomycota,Incertae,Mucorales,Cunninghamellaceae,Absidia,Absidia,cylindrospora,SH199695.07FU,,
524,OTU,21893,1,Fungi,Zygomycota,Incertae,Mucorales,Cunninghamellaceae,Absidia,Absidia,cylindrospora,SH199695.07FU,,
60,OTU,21944,1,Fungi,Ascomycota,Sordariomycetes,Hypocreales,Nectriaceae,Cylindrocarpon,Cylindrocarpon,sp,SH174294.07FU,,
150,OTU,22051,1,Fungi,Ascomycota,Sordariomycetes,unidentified,unidentified,unidentified,Sordariomycetes,sp,SH217636.07FU,,
456,OTU,22277,1,Fungi,,,,,,,,,,
237,OTU,22278,1,Fungi,Chytridiomycota,unidentified,unidentified,unidentified,unidentified,Chytridiomycota,sp,SH215458.07FU,,
147,OTU,22284,1,Fungi,Ascomycota,Sordariomycetes,Hypocreales,Hypocreaceae,Acrostalagmus,Acrostalagmus,luteoalbus,SH205999.07FU,,
768,OTU,22304,1,Fungi,Zygomycota,Incertae,Mucorales,Cunninghamellaceae,Absidia,Absidia,cylindrospora,SH199695.07FU,,
661,OTU,22310,1,Fungi,,,,,,,,,,
345,OTU,22376,1,Fungi,,,,,,,,,,
745,OTU,22377,1,Fungi,Ascomycota,Eurotiomycetes,unidentified,unidentified,unidentified,,,,,
458,OTU,22401,1,Fungi,Ascomycota,Eurotiomycetes,Onygenales,Onygenaceae,unidentified,Onygenaceae,sp,SH030119.07FU,,
291,OTU,22434,1,Fungi,,,,,,,,,,
32,OTU,22444,1,Fungi,Ascomycota,Sordariomycetes,unidentified,unidentified,unidentified,Sordariomycetes,sp,SH198277.07FU,,
296,OTU,22493,1,Fungi,Ascomycota,Saccharomycetes,Saccharomycetales,Lipomycetaceae,Lipomyces,,,,,
600,OTU,22639,1,Fungi,Ascomycota,,,,,,,,,
562,OTU,22694,1,Fungi,Ascomycota,Eurotiomycetes,Chaetothyriales,Herpotrichiellaceae,,,,,,
234,OTU,22707,1,Fungi,Ascomycota,Eurotiomycetes,unidentified,unidentified,unidentified,,,,,
136,OTU,22790,1,Fungi,Ascomycota,,,,,,,,,
451,OTU,22829,1,Fungi,,,,,,,,,,
222,OTU,22836,1,Fungi,Ascomycota,Sordariomycetes,,,,,,,,
186,OTU,22837,1,Fungi,,,,,,,,,,
231,OTU,22842,1,Fungi,Ascomycota,,,,,,,,,
654,OTU,22967,1,Fungi,unidentified,unidentified,unidentified,unidentified,unidentified,Fungi,sp,SH027076.07FU,,
354,OTU,22975,1,Fungi,Ascomycota,Sordariomycetes,Hypocreales,Incertae,,,,,,
264,OTU,23035,1,Fungi,Ascomycota,Pezizomycetes,Pezizales,Pyronemataceae,unidentified,,,,,
502,OTU,23045,1,Fungi,Ascomycota,Pezizomycetes,unidentified,unidentified,unidentified,Pezizomycetes,sp,SH013363.07FU,,
45,OTU,23056,1,Fungi,Ascomycota,Sordariomycetes,Hypocreales,unidentified,unidentified,Hypocreales,sp,SH213541.07FU,,
118,OTU,23059,1,Fungi,Ascomycota,Sordariomycetes,Hypocreales,Incertae,Trichothecium,Trichothecium,crotocinigenum,SH192538.07FU,,
51,OTU,23061,1,Fungi,Zygomycota,Incertae,Mucorales,Mucoraceae,Mucor,Mucor,hiemalis,SH187072.07FU,,
251,OTU,23071,1,Fungi,Ascomycota,Sordariomycetes,Hypocreales,Incertae,unidentified,Incertae,sedis,sp,SH207987.07FU,
441,OTU,23135,1,Fungi,Zygomycota,Incertae,Mucorales,Cunninghamellaceae,Absidia,Absidia,cylindrospora,SH199695.07FU,,
285,OTU,23160,1,Fungi,,,,,,,,,,
750,OTU,23162,1,Fungi,Ascomycota,Eurotiomycetes,unidentified,unidentified,unidentified,,,,,
260,OTU,23201,1,Fungi,Ascomycota,Eurotiomycetes,unidentified,unidentified,unidentified,,,,,
567,OTU,23258,1,Fungi,Ascomycota,Eurotiomycetes,Onygenales,Gymnoascaceae,Testudomyces,Testudomyces,verrucosus,SH471077.07FU,,
644,OTU,23260,1,Fungi,Basidiomycota,Tremellomycetes,Tremellales,Incertae,Tremella,Tremella,sp,SH025367.07FU,,
52,OTU,23261,1,Fungi,Ascomycota,Sordariomycetes,Hypocreales,Incertae,Acremonium,Acremonium,persicinum,SH207979.07FU,,
707,OTU,23275,1,Fungi,Ascomycota,Pezizomycetes,Pezizales,Pezizaceae,Peziza,Peziza,domiciliana,SH008513.07FU,,
425,OTU,23380,1,Fungi,,,,,,,,,,
498,OTU,23400,1,Fungi,Ascomycota,Eurotiomycetes,unidentified,unidentified,unidentified,,,,,
287,OTU,23408,1,Fungi,,,,,,,,,,
117,OTU,23443,1,Fungi,Ascomycota,Sordariomycetes,Hypocreales,Incertae,Stachybotrys,Stachybotrys,chartarum,SH209070.07FU,,
405,OTU,23444,1,Fungi,Ascomycota,Leotiomycetes,unidentified,unidentified,unidentified,Leotiomycetes,sp,SH211410.07FU,,
581,OTU,23447,1,Fungi,Ascomycota,Sordariomycetes,Magnaporthales,Magnaporthaceae,,,,,,
462,OTU,23452,1,Fungi,Ascomycota,,,,,,,,,
631,OTU,23458,1,Fungi,Ascomycota,Leotiomycetes,Helotiales,Incertae,Scytalidium,Scytalidium,circinatum,SH218618.07FU,,
585,OTU,23472,1,Fungi,Ascomycota,Sordariomycetes,Hypocreales,,,,,,,
530,OTU,23477,1,Fungi,Ascomycota,Sordariomycetes,Hypocreales,Cordycipitaceae,Beauveria,Beauveria,sp,SH470076.07FU,,
712,OTU,23479,1,Fungi,Ascomycota,Sordariomycetes,Hypocreales,Incertae,Stachybotrys,Stachybotrys,dichroa,SH209081.07FU,,
420,OTU,23481,1,Fungi,Ascomycota,Orbiliomycetes,Orbiliales,Orbiliaceae,Dactylella,Dactylella,rhopalota,SH206610.07FU,,
477,OTU,23512,1,Fungi,Ascomycota,Sordariomycetes,unidentified,unidentified,unidentified,Sordariomycetes,sp,SH197698.07FU,,
655,OTU,23630,1,Fungi,Ascomycota,Eurotiomycetes,Eurotiales,Trichocomaceae,,,,,,
298,OTU,23646,1,Fungi,Basidiomycota,Tremellomycetes,Tremellales,Incertae,,,,,,
369,OTU,23649,1,Fungi,Ascomycota,Sordariomycetes,unidentified,unidentified,unidentified,Sordariomycetes,sp,SH200316.07FU,,
372,OTU,23663,1,Fungi,Ascomycota,Eurotiomycetes,Eurotiales,Trichocomaceae,Penicillium,Penicillium,chrysogenum,SH187717.07FU,,
54,OTU,23665,1,Fungi,Ascomycota,Sordariomycetes,Hypocreales,Cordycipitaceae,Beauveria,Beauveria,sp,SH470076.07FU,,
89,OTU,23687,1,Fungi,Ascomycota,Eurotiomycetes,unidentified,unidentified,unidentified,,,,,
483,OTU,23688,1,Fungi,Ascomycota,Eurotiomycetes,Onygenales,unidentified,unidentified,Onygenales,sp,SH214569.07FU,,
64,OTU,23718,1,Fungi,Ascomycota,Sordariomycetes,Hypocreales,Incertae,Acremonium,Acremonium,psammosporum,SH214978.07FU,,
363,OTU,23827,1,Fungi,Ascomycota,Eurotiomycetes,,,,,,,,
290,OTU,23837,1,Fungi,Ascomycota,Sordariomycetes,Hypocreales,Incertae,Stachybotrys,Stachybotrys,chartarum,SH209070.07FU,,
385,OTU,23873,1,Fungi,Ascomycota,Sordariomycetes,Hypocreales,Incertae,Sarocladium,Sarocladium,strictum,SH210203.07FU,,
268,OTU,23880,1,Fungi,Ascomycota,Eurotiomycetes,Eurotiales,Trichocomaceae,Penicillium,Penicillium,chrysogenum,SH187717.07FU,,
682,OTU,23977,1,Fungi,,,,,,,,,,
348,OTU,24057,1,Fungi,Ascomycota,Sordariomycetes,Xylariales,unidentified,unidentified,Xylariales,sp,SH020018.07FU,,
736,OTU,24072,1,Fungi,Ascomycota,Sordariomycetes,Hypocreales,Hypocreaceae,Trichoderma,,,,,
120,OTU,24095,1,Fungi,Ascomycota,Sordariomycetes,Xylariales,unidentified,unidentified,,,,,
4,OTU,24097,1,Fungi,Ascomycota,Sordariomycetes,unidentified,unidentified,unidentified,Sordariomycetes,sp,SH190979.07FU,,
740,OTU,24133,1,Fungi,Ascomycota,Sordariomycetes,Incertae,Plectosphaerellaceae,Verticillium,Verticillium,sp,SH192545.07FU,,
208,OTU,24164,1,Fungi,Ascomycota,Eurotiomycetes,,,,,,,,
534,OTU,24252,1,Fungi,Ascomycota,Sordariomycetes,unidentified,unidentified,unidentified,Sordariomycetes,sp,SH219559.07FU,,
571,OTU,24304,1,Fungi,Ascomycota,Sordariomycetes,Hypocreales,Incertae,Acremonium,Acremonium,persicinum,SH207979.07FU,,
66,OTU,24346,1,Fungi,Ascomycota,Eurotiomycetes,Eurotiales,Trichocomaceae,unidentified,Trichocomaceae,sp,SH194192.07FU,,
338,OTU,24360,1,Fungi,Ascomycota,Sordariomycetes,Hypocreales,Hypocreaceae,Trichoderma,,,,,
431,OTU,24373,1,Fungi,Ascomycota,Eurotiomycetes,Eurotiales,Trichocomaceae,Talaromyces,,,,,
698,OTU,24375,1,Fungi,Ascomycota,Sordariomycetes,unidentified,unidentified,unidentified,Sordariomycetes,sp,SH219549.07FU,,
240,OTU,24425,1,Fungi,,,,,,,,,,
582,OTU,24428,1,Fungi,Ascomycota,Sordariomycetes,Hypocreales,,,,,,,
49,OTU,24451,1,Fungi,Ascomycota,Sordariomycetes,unidentified,unidentified,unidentified,,,,,
316,OTU,24496,1,Fungi,Ascomycota,Sordariomycetes,Hypocreales,Hypocreaceae,Trichoderma,,,,,
649,OTU,24527,1,Fungi,Ascomycota,Sordariomycetes,Hypocreales,unidentified,unidentified,Hypocreales,sp,SH008915.07FU,,
283,OTU,24539,1,Fungi,Ascomycota,Sordariomycetes,Hypocreales,Nectriaceae,Fusarium,,,,,
323,OTU,24577,1,Fungi,Ascomycota,Sordariomycetes,Hypocreales,Incertae,Acremonium,Acremonium,chrysogenum,SH020576.07FU,,
149,OTU,24583,1,Fungi,Ascomycota,Sordariomycetes,Hypocreales,Incertae,Acremonium,Acremonium,alternatum,SH217985.07FU,,
413,OTU,24588,1,Fungi,Ascomycota,Eurotiomycetes,Onygenales,Arthrodermataceae,Ctenomyces,Ctenomyces,serratus,SH193704.07FU,,
395,OTU,24635,1,Fungi,Ascomycota,Sordariomycetes,Hypocreales,Hypocreaceae,Trichoderma,,,,,
642,OTU,24641,1,Fungi,,,,,,,,,,
21,OTU,24658,1,Fungi,Ascomycota,Sordariomycetes,Hypocreales,Nectriaceae,Fusarium,,,,,
129,OTU,24667,1,Fungi,,,,,,,,,,
500,OTU,24782,1,Fungi,,,,,,,,,,
662,OTU,24792,1,Fungi,Ascomycota,Eurotiomycetes,Arachnomycetales,Arachnomycetaceae,Arachnomyces,Arachnomyces,kanei,SH017006.07FU,,
406,OTU,24794,1,Fungi,Ascomycota,,,,,,,,,
478,OTU,24810,1,Fungi,Ascomycota,Sordariomycetes,Hypocreales,Incertae,Acremonium,Acremonium,persicinum,SH207979.07FU,,
402,OTU,24819,1,Fungi,Ascomycota,,,,,,,,,
12,OTU,24830,1,Fungi,Ascomycota,Sordariomycetes,Hypocreales,,,,,,,
101,OTU,24845,1,Fungi,Ascomycota,Sordariomycetes,Hypocreales,Nectriaceae,unidentified,Nectriaceae,sp,SH217585.07FU,,
603,OTU,24851,1,Fungi,Ascomycota,,,,,,,,,
623,OTU,24877,1,Fungi,Ascomycota,Sordariomycetes,Hypocreales,Nectriaceae,unidentified,Nectriaceae,sp,SH217585.07FU,,
96,OTU,24923,1,Fungi,Ascomycota,Sordariomycetes,Hypocreales,Incertae,unidentified,Incertae,sedis,sp,SH217331.07FU,
635,OTU,25044,1,Fungi,,,,,,,,,,
204,OTU,25047,1,Fungi,Ascomycota,Sordariomycetes,unidentified,unidentified,unidentified,Sordariomycetes,sp,SH190975.07FU,,
764,OTU,25067,1,Fungi,Ascomycota,Eurotiomycetes,unidentified,unidentified,unidentified,,,,,
265,OTU,25081,1,Fungi,Ascomycota,Sordariomycetes,,,,,,,,
92,OTU,25093,1,Fungi,Ascomycota,Sordariomycetes,Hypocreales,Nectriaceae,Fusarium,,,,,
633,OTU,25103,1,Fungi,Ascomycota,Sordariomycetes,Hypocreales,Incertae,Acremonium,Acremonium,dichromosporum,SH217330.07FU,,
394,OTU,25106,1,Fungi,Ascomycota,Sordariomycetes,Xylariales,,,,,,,
366,OTU,25111,1,Fungi,Ascomycota,Sordariomycetes,Hypocreales,Hypocreaceae,,,,,,
705,OTU,25115,1,Fungi,Ascomycota,Sordariomycetes,Hypocreales,,,,,,,
313,OTU,25116,1,Fungi,Ascomycota,Sordariomycetes,Hypocreales,Nectriaceae,unidentified,Nectriaceae,sp,SH217585.07FU,,
587,OTU,25120,1,Fungi,Ascomycota,,,,,,,,,
492,OTU,25179,1,Fungi,Ascomycota,Sordariomycetes,Hypocreales,Nectriaceae,Fusarium,,,,,
74,OTU,25193,1,Fungi,Ascomycota,Sordariomycetes,Xylariales,Incertae,Microdochium,Microdochium,bolleyi,SH213512.07FU,,
376,OTU,25210,1,Fungi,Basidiomycota,,,,,,,,,
671,OTU,25215,1,Fungi,,,,,,,,,,
700,OTU,25224,1,Fungi,Ascomycota,Sordariomycetes,Melanosporales,Ceratostomataceae,Sphaerodes,Sphaerodes,sp,SH484335.07FU,,
721,OTU,25321,1,Fungi,Ascomycota,Sordariomycetes,Hypocreales,Incertae,Acremonium,Acremonium,rutilum,SH207064.07FU,,
126,OTU,25338,1,Fungi,Ascomycota,Sordariomycetes,Hypocreales,Nectriaceae,Fusarium,,,,,
110,OTU,25360,1,Fungi,Ascomycota,Sordariomycetes,Hypocreales,,,,,,,
399,OTU,25368,1,Fungi,Ascomycota,Sordariomycetes,Hypocreales,Cordycipitaceae,Beauveria,Beauveria,sp,SH012485.07FU,,
207,OTU,25516,1,Fungi,Ascomycota,Sordariomycetes,Hypocreales,Hypocreaceae,Trichoderma,,,,,
155,OTU,25553,1,Fungi,Ascomycota,Eurotiomycetes,Onygenales,Onygenaceae,Amauroascus,Amauroascus,albicans,SH008482.07FU,,
230,OTU,25558,1,Fungi,Ascomycota,Sordariomycetes,Hypocreales,Bionectriaceae,unidentified,Bionectriaceae,sp,SH182683.07FU,,
78,OTU,25559,1,Fungi,Ascomycota,unidentified,unidentified,unidentified,unidentified,Ascomycota,sp,SH193518.07FU,,
226,OTU,25586,1,Fungi,Ascomycota,Pezizomycetes,Pezizales,Pyronemataceae,unidentified,Pyronemataceae,sp,SH005188.07FU,,
626,OTU,25592,1,Fungi,Ascomycota,Sordariomycetes,Hypocreales,Hypocreaceae,Trichoderma,,,,,
26,OTU,25593,1,Fungi,Ascomycota,Sordariomycetes,Hypocreales,,,,,,,
579,OTU,25606,1,Fungi,Ascomycota,,,,,,,,,
28,OTU,25668,1,Fungi,Ascomycota,Sordariomycetes,Microascales,unidentified,unidentified,Microascales,sp,SH210354.07FU,,
326,OTU,25704,1,Fungi,Ascomycota,Sordariomycetes,Hypocreales,Bionectriaceae,,,,,,
454,OTU,25715,1,Fungi,Ascomycota,Eurotiomycetes,Eurotiales,Trichocomaceae,Penicillium,,,,,
324,OTU,25725,1,Fungi,Ascomycota,Eurotiomycetes,Chaetothyriales,unidentified,unidentified,,,,,
544,OTU,25741,1,Fungi,Ascomycota,Eurotiomycetes,Eurotiales,Trichocomaceae,Penicillium,,,,,
224,OTU,25780,1,Fungi,Ascomycota,Sordariomycetes,Incertae,Plectosphaerellaceae,Verticillium,,,,,
359,OTU,25785,1,Fungi,Ascomycota,Sordariomycetes,Hypocreales,unidentified,unidentified,Hypocreales,sp,SH182680.07FU,,
762,OTU,25797,1,Fungi,Ascomycota,Pezizomycetes,Pezizales,Pyronemataceae,Ramsbottomia,Ramsbottomia,asperior,SH028390.07FU,,
778,OTU,25798,1,Fungi,,,,,,,,,,
130,OTU,25799,1,Fungi,Ascomycota,Sordariomycetes,Hypocreales,Cordycipitaceae,Beauveria,Beauveria,sp,SH470076.07FU,,
266,OTU,25800,1,Fungi,Ascomycota,Sordariomycetes,Hypocreales,Bionectriaceae,,,,,,
512,OTU,25801,1,Fungi,Ascomycota,Sordariomycetes,Hypocreales,Nectriaceae,,,,,,
604,OTU,25815,1,Fungi,Ascomycota,Sordariomycetes,Hypocreales,Incertae,,,,,,
593,OTU,25822,1,Fungi,Ascomycota,Sordariomycetes,,,,,,,,
9,OTU,25925,1,Fungi,Ascomycota,Sordariomycetes,Hypocreales,Bionectriaceae,,,,,,
666,OTU,25941,1,Fungi,Ascomycota,Sordariomycetes,Xylariales,Incertae,,,,,,
55,OTU,25960,1,Fungi,Ascomycota,Sordariomycetes,Hypocreales,Nectriaceae,Fusarium,Fusarium,sp,SH181404.07FU,,
408,OTU,26018,1,Fungi,Ascomycota,Eurotiomycetes,Eurotiales,Trichocomaceae,Penicillium,Penicillium,ochrochloron,SH237535.07FU,,
679,OTU,26061,1,Fungi,,,,,,,,,,
169,OTU,26065,1,Fungi,Ascomycota,Eurotiomycetes,Eurotiales,Trichocomaceae,Penicillium,,,,,
252,OTU,26071,1,Fungi,Ascomycota,Eurotiomycetes,Eurotiales,Trichocomaceae,Paecilomyces,,,,,
444,OTU,26109,1,Fungi,Ascomycota,Sordariomycetes,Sordariales,Chaetomiaceae,Chaetomium,Chaetomium,funicola,SH195318.07FU,,
47,OTU,26243,1,Fungi,Ascomycota,Sordariomycetes,Hypocreales,Nectriaceae,Gibberella,,,,,
61,OTU,26279,1,Fungi,Ascomycota,Sordariomycetes,Hypocreales,Incertae,Ilyonectria,Ilyonectria,robusta,SH202970.07FU,,
15,OTU,26286,1,Fungi,Ascomycota,Sordariomycetes,Hypocreales,Incertae,Ilyonectria,,,,,
90,OTU,26288,1,Fungi,Ascomycota,Sordariomycetes,Hypocreales,Nectriaceae,,,,,,
124,OTU,26293,1,Fungi,Ascomycota,Eurotiomycetes,Eurotiales,Trichocomaceae,Penicillium,,,,,
161,OTU,26300,1,Fungi,Ascomycota,Sordariomycetes,Hypocreales,Nectriaceae,unidentified,Nectriaceae,sp,SH185946.07FU,,
69,OTU,26301,1,Fungi,Ascomycota,Sordariomycetes,Microascales,unidentified,unidentified,Microascales,sp,SH210354.07FU,,
386,OTU,26316,1,Fungi,Ascomycota,Eurotiomycetes,Eurotiales,Trichocomaceae,,,,,,
765,OTU,26325,1,Fungi,Ascomycota,Eurotiomycetes,Eurotiales,Trichocomaceae,Penicillium,Penicillium,coprobium,SH207154.07FU,,
678,OTU,26349,1,Fungi,Ascomycota,Orbiliomycetes,Orbiliales,Orbiliaceae,,,,,,
628,OTU,26363,1,Fungi,Ascomycota,Sordariomycetes,Hypocreales,Incertae,Stachybotrys,Stachybotrys,elegans,SH209076.07FU,,
238,OTU,26481,1,Fungi,Basidiomycota,Tremellomycetes,Tremellales,Incertae,Cryptococcus,Cryptococcus,podzolicus,SH181879.07FU,,
718,OTU,26491,1,Fungi,Ascomycota,Sordariomycetes,Magnaporthales,Magnaporthaceae,,,,,,
647,OTU,26514,1,Fungi,Ascomycota,Eurotiomycetes,Eurotiales,Trichocomaceae,Penicillium,Penicillium,osmophilum,SH116972.07FU,,
232,OTU,26521,1,Fungi,Ascomycota,Eurotiomycetes,,,,,,,,
215,OTU,26556,1,Fungi,Ascomycota,Sordariomycetes,,,,,,,,
479,OTU,26571,1,Fungi,Ascomycota,Sordariomycetes,Hypocreales,Incertae,Acremonium,Acremonium,fusidioides,SH203377.07FU,,
570,OTU,26582,1,Fungi,Ascomycota,Sordariomycetes,Hypocreales,Ophiocordycipitaceae,Hirsutella,Hirsutella,rhossiliensis,SH210594.07FU,,
689,OTU,26589,1,Fungi,Ascomycota,Eurotiomycetes,Eurotiales,Trichocomaceae,Penicillium,,,,,
368,OTU,26691,1,Fungi,Ascomycota,Sordariomycetes,Hypocreales,Ophiocordycipitaceae,Purpureocillium,,,,,
339,OTU,26693,1,Fungi,Ascomycota,Eurotiomycetes,,,,,,,,
333,OTU,26701,1,Fungi,Ascomycota,Dothideomycetes,Incertae,Eremomycetaceae,Arthrographis,,,,,
415,OTU,26788,1,Fungi,Ascomycota,Sordariomycetes,Microascales,unidentified,unidentified,Microascales,sp,SH210354.07FU,,
41,OTU,26804,1,Fungi,Ascomycota,Sordariomycetes,Hypocreales,Nectriaceae,,,,,,
172,OTU,26808,1,Fungi,Ascomycota,Eurotiomycetes,unidentified,unidentified,unidentified,Eurotiomycetes,sp,SH207054.07FU,,
5,OTU,26862,1,Fungi,Ascomycota,Sordariomycetes,unidentified,unidentified,unidentified,Sordariomycetes,sp,SH175275.07FU,,
276,OTU,26876,1,Fungi,Ascomycota,Eurotiomycetes,unidentified,unidentified,unidentified,Eurotiomycetes,sp,SH207054.07FU,,
738,OTU,26903,1,Fungi,Ascomycota,Sordariomycetes,Hypocreales,Nectriaceae,Fusarium,Fusarium,sp,SH211101.07FU,,
97,OTU,27022,1,Fungi,Ascomycota,Pezizomycetes,Pezizales,Pyronemataceae,Scutellinia,Scutellinia,scutellata,SH215678.07FU,,
699,OTU,27051,1,Fungi,Ascomycota,Sordariomycetes,Hypocreales,Nectriaceae,,,,,,
165,OTU,27082,1,Fungi,,,,,,,,,,
421,OTU,27096,1,Fungi,Ascomycota,Sordariomycetes,Hypocreales,Cordycipitaceae,,,,,,
686,OTU,27100,1,Fungi,Ascomycota,Dothideomycetes,Capnodiales,unidentified,unidentified,,,,,
159,OTU,27105,1,Fungi,Ascomycota,Sordariomycetes,Coniochaetales,unidentified,unidentified,Coniochaetales,sp,SH011272.07FU,,
759,OTU,27142,1,Fungi,Ascomycota,Sordariomycetes,Xylariales,Xylariaceae,Calceomyces,Calceomyces,lacunosus,SH014049.07FU,,
613,OTU,27161,1,Fungi,Ascomycota,,,,,,,,,
475,OTU,27185,1,Fungi,Basidiomycota,Tremellomycetes,Tremellales,Incertae,Cryptococcus,Cryptococcus,podzolicus,SH181879.07FU,,
40,OTU,27247,1,Fungi,Ascomycota,Sordariomycetes,unidentified,unidentified,unidentified,Sordariomycetes,sp,SH175275.07FU,,
398,OTU,27255,1,Fungi,Ascomycota,Dothideomycetes,,,,,,,,
98,OTU,27325,1,Fungi,Ascomycota,Sordariomycetes,Hypocreales,Ophiocordycipitaceae,Purpureocillium,,,,,
432,OTU,27385,1,Fungi,Ascomycota,,,,,,,,,
756,OTU,27423,1,Fungi,Ascomycota,Dothideomycetes,Pleosporales,unidentified,unidentified,Pleosporales,sp,SH181421.07FU,,
346,OTU,27433,1,Fungi,Ascomycota,Sordariomycetes,Sordariales,Lasiosphaeriaceae,Cladorrhinum,Cladorrhinum,sp,SH181894.07FU,,
612,OTU,27444,1,Fungi,Ascomycota,Dothideomycetes,Pleosporales,Didymosphaeriaceae,Didymosphaeria,Didymosphaeria,sp,SH197544.07FU,,
218,OTU,27463,1,Fungi,Ascomycota,unidentified,unidentified,unidentified,unidentified,Ascomycota,sp,SH204046.07FU,,
729,OTU,27466,1,Fungi,Ascomycota,Geoglossomycetes,Geoglossales,Geoglossaceae,unidentified,Geoglossaceae,sp,SH017961.07FU,,
752,OTU,27534,1,Fungi,Ascomycota,Eurotiomycetes,Chaetothyriales,,,,,,,
137,OTU,27603,1,Fungi,Ascomycota,,,,,,,,,
228,OTU,27641,1,Fungi,Ascomycota,Sordariomycetes,Hypocreales,Nectriaceae,,,,,,
135,OTU,27715,1,Fungi,Ascomycota,Eurotiomycetes,,,,,,,,
206,OTU,27719,1,Fungi,Ascomycota,Dothideomycetes,Pleosporales,Incertae,Periconia,Periconia,sp,SH204050.07FU,,
754,OTU,27732,1,Fungi,Ascomycota,Eurotiomycetes,Chaetothyriales,,,,,,,
429,OTU,27748,1,Fungi,Ascomycota,Sordariomycetes,Coniochaetales,unidentified,unidentified,,,,,
188,OTU,28012,1,Fungi,Ascomycota,,,,,,,,,
493,OTU,28043,1,Fungi,Ascomycota,Dothideomycetes,Pleosporales,Pleosporaceae,,,,,,
302,OTU,28154,1,Fungi,Ascomycota,Dothideomycetes,Pleosporales,Sporormiaceae,Preussia,Preussia,terricola,SH215538.07FU,,
112,OTU,28272,1,Fungi,Ascomycota,Dothideomycetes,Pleosporales,Pleosporaceae,Dendryphion,Dendryphion,nanum,SH204975.07FU,,
143,OTU,28318,1,Fungi,Ascomycota,,,,,,,,,
701,OTU,28323,1,Fungi,Ascomycota,Sordariomycetes,Hypocreales,Incertae,Myrothecium,Myrothecium,cinctum,SH200501.07FU,,
334,OTU,28332,1,Fungi,Ascomycota,Eurotiomycetes,Eurotiales,Trichocomaceae,Talaromyces,Talaromyces,luteus,SH208846.07FU,,
176,OTU,28474,1,Fungi,Ascomycota,Dothideomycetes,Pleosporales,unidentified,unidentified,Pleosporales,sp,SH192113.07FU,,
70,OTU,28488,1,Fungi,Ascomycota,Sordariomycetes,Sordariales,Chaetomiaceae,,,,,,
44,OTU,28618,1,Fungi,Ascomycota,,,,,,,,,
535,OTU,28622,1,Fungi,Ascomycota,Dothideomycetes,Pleosporales,unidentified,unidentified,Pleosporales,sp,SH199605.07FU,,
552,OTU,28644,1,Fungi,Ascomycota,Dothideomycetes,Pleosporales,Incertae,Pyrenochaeta,,,,,
43,OTU,28661,1,Fungi,Ascomycota,Dothideomycetes,Pleosporales,Phaeosphaeriaceae,Ophiosphaerella,Ophiosphaerella,sp,SH183008.07FU,,
781,OTU,28663,1,Fungi,Ascomycota,Eurotiomycetes,Chaetothyriales,unidentified,unidentified,Chaetothyriales,sp,SH206093.07FU,,
461,OTU,28666,1,Fungi,Ascomycota,Sordariomycetes,,,,,,,,
144,OTU,28683,1,Fungi,Ascomycota,,,,,,,,,
674,OTU,28722,1,Fungi,,,,,,,,,,
580,OTU,28739,1,Fungi,,,,,,,,,,
34,OTU,28835,1,Fungi,Ascomycota,Dothideomycetes,Pleosporales,,,,,,,
257,OTU,28867,1,Fungi,Ascomycota,Sordariomycetes,Sordariales,Lasiosphaeriaceae,Podospora,Podospora,sp,SH217071.07FU,,
496,OTU,28868,1,Fungi,,,,,,,,,,
106,OTU,29062,1,Fungi,Ascomycota,,,,,,,,,
531,OTU,29076,1,Fungi,,,,,,,,,,
171,OTU,29077,1,Fungi,Ascomycota,Pezizomycetes,Pezizales,Ascobolaceae,Ascobolus,Ascobolus,sp,SH483257.07FU,,
267,OTU,29093,1,Fungi,Ascomycota,Dothideomycetes,Pleosporales,unidentified,unidentified,Pleosporales,sp,SH014773.07FU,,
692,OTU,29097,1,Fungi,,,,,,,,,,
515,OTU,29106,1,Fungi,Ascomycota,Dothideomycetes,Pleosporales,Incertae,Dictyosporium,Dictyosporium,strelitziae,SH189972.07FU,,
513,OTU,29110,1,Fungi,Ascomycota,Sordariomycetes,Hypocreales,Incertae,Acremonium,Acremonium,sp,SH175309.07FU,,
691,OTU,29112,1,Fungi,Ascomycota,Dothideomycetes,unidentified,unidentified,unidentified,,,,,
574,OTU,29113,1,Fungi,Ascomycota,,,,,,,,,
486,OTU,29171,1,Fungi,Ascomycota,Sordariomycetes,,,,,,,,
7,OTU,29225,1,Fungi,Ascomycota,unidentified,unidentified,unidentified,unidentified,Ascomycota,sp,SH195297.07FU,,
203,OTU,29346,1,Fungi,Ascomycota,Sordariomycetes,Sordariales,Lasiosphaeriaceae,Schizothecium,Schizothecium,formosanum,SH201188.07FU,,
309,OTU,29375,1,Fungi,Ascomycota,Sordariomycetes,Sordariales,Lasiosphaeriaceae,unidentified,Lasiosphaeriaceae,sp,SH018051.07FU,,
645,OTU,29488,1,Fungi,Ascomycota,Eurotiomycetes,Onygenales,Onygenaceae,Chrysosporium,Chrysosporium,lobatum,SH197969.07FU,,
506,OTU,29513,1,Fungi,Ascomycota,Dothideomycetes,unidentified,unidentified,unidentified,Dothideomycetes,sp,SH200447.07FU,,
318,OTU,29567,1,Fungi,Ascomycota,Incertae,Incertae,Incertae,Staphylotrichum,Staphylotrichum,coccosporum,SH195313.07FU,,
210,OTU,29584,1,Fungi,Ascomycota,,,,,,,,,
108,OTU,29590,1,Fungi,Ascomycota,Dothideomycetes,Pleosporales,,,,,,,
95,OTU,29595,1,Fungi,Ascomycota,,,,,,,,,
430,OTU,29602,1,Fungi,Ascomycota,Dothideomycetes,Pleosporales,Corynesporascaceae,Corynespora,Corynespora,sp,SH180772.07FU,,
722,OTU,29603,1,Fungi,Ascomycota,Dothideomycetes,unidentified,unidentified,unidentified,,,,,
694,OTU,29623,1,Fungi,Ascomycota,Sordariomycetes,Sordariales,Lasiosphaeriaceae,,,,,,
122,OTU,29664,1,Fungi,Ascomycota,Leotiomycetes,Incertae,Myxotrichaceae,Malbranchea,Malbranchea,flocciformis,SH017430.07FU,,
748,OTU,29730,1,Fungi,Ascomycota,Eurotiomycetes,Eurotiales,unidentified,unidentified,,,,,
503,OTU,29744,1,Fungi,Ascomycota,Pezizomycetes,Pezizales,Ascobolaceae,,,,,,
156,OTU,29804,1,Fungi,Ascomycota,Sordariomycetes,Sordariales,Lasiosphaeriaceae,,,,,,
315,OTU,29815,1,Fungi,Ascomycota,Sordariomycetes,Sordariales,Lasiosphaeriaceae,,,,,,
275,OTU,29836,1,Fungi,Ascomycota,,,,,,,,,
374,OTU,29912,1,Fungi,Ascomycota,Sordariomycetes,Sordariales,Chaetomiaceae,,,,,,
306,OTU,30014,1,Fungi,Ascomycota,Eurotiomycetes,Onygenales,unidentified,unidentified,Onygenales,sp,SH218000.07FU,,
76,OTU,30027,1,Fungi,Ascomycota,,,,,,,,,
438,OTU,30028,1,Fungi,Ascomycota,Dothideomycetes,Pleosporales,,,,,,,
367,OTU,30029,1,Fungi,,,,,,,,,,
249,OTU,30039,1,Fungi,Ascomycota,Dothideomycetes,,,,,,,,
72,OTU,30041,1,Fungi,Ascomycota,Sordariomycetes,Sordariales,Lasiosphaeriaceae,,,,,,
508,OTU,30086,1,Fungi,Ascomycota,Sordariomycetes,Sordariales,Chaetomiaceae,,,,,,
597,OTU,30102,1,Fungi,Ascomycota,Eurotiomycetes,Onygenales,,,,,,,
440,OTU,30242,1,Fungi,Ascomycota,Sordariomycetes,Sordariales,Lasiosphaeriaceae,Apodus,Apodus,deciduus,SH193385.07FU,,
235,OTU,30284,1,Fungi,Ascomycota,Sordariomycetes,Sordariales,Chaetomiaceae,,,,,,
467,OTU,30297,1,Fungi,Ascomycota,Sordariomycetes,Sordariales,Lasiosphaeriaceae,unidentified,,,,,
696,OTU,30308,1,Fungi,Ascomycota,Sordariomycetes,Sordariales,Lasiosphaeriaceae,,,,,,
111,OTU,30342,1,Fungi,Ascomycota,,,,,,,,,
35,OTU,30363,1,Fungi,Ascomycota,Sordariomycetes,Sordariales,Lasiosphaeriaceae,Apodus,Apodus,deciduus,SH193385.07FU,,
179,OTU,30365,1,Fungi,,,,,,,,,,
193,OTU,30373,1,Fungi,Ascomycota,unidentified,unidentified,unidentified,unidentified,Ascomycota,sp,SH195297.07FU,,
640,OTU,30376,1,Fungi,,,,,,,,,,
194,OTU,30445,1,Fungi,,,,,,,,,,
48,OTU,30459,1,Fungi,Ascomycota,Sordariomycetes,Sordariales,Lasiosphaeriaceae,Podospora,Podospora,sp,SH025735.07FU,,
134,OTU,30460,1,Fungi,Ascomycota,Sordariomycetes,Sordariales,Sordariaceae,,,,,,
209,OTU,30464,1,Fungi,Ascomycota,Sordariomycetes,Incertae,Apiosporaceae,Arthrinium,,,,,
115,OTU,30467,1,Fungi,Ascomycota,Sordariomycetes,Sordariales,Lasiosphaeriaceae,Cercophora,Cercophora,sp,SH028047.07FU,,
737,OTU,30471,1,Fungi,Ascomycota,Dothideomycetes,Pleosporales,Sporormiaceae,unidentified,,,,,
279,OTU,30480,1,Fungi,,,,,,,,,,
621,OTU,30491,1,Fungi,Ascomycota,,,,,,,,,
568,OTU,30526,1,Fungi,,,,,,,,,,
141,OTU,30595,1,Fungi,Ascomycota,Sordariomycetes,Sordariales,,,,,,,
11,OTU,30733,1,Fungi,Ascomycota,unidentified,unidentified,unidentified,unidentified,Ascomycota,sp,SH198656.07FU,,
17,OTU,30739,1,Fungi,Ascomycota,Sordariomycetes,Hypocreales,,,,,,,
157,OTU,30767,1,Fungi,,,,,,,,,,
152,OTU,30812,1,Fungi,Ascomycota,,,,,,,,,
145,OTU,30816,1,Fungi,Ascomycota,Sordariomycetes,Sordariales,,,,,,,
382,OTU,30829,1,Fungi,,,,,,,,,,
428,OTU,30832,1,Fungi,Ascomycota,Sordariomycetes,Sordariales,,,,,,,
99,OTU,30866,1,Fungi,Ascomycota,Sordariomycetes,Sordariales,Lasiosphaeriaceae,,,,,,
39,OTU,30993,1,Fungi,Ascomycota,Sordariomycetes,Sordariales,Lasiosphaeriaceae,unidentified,,,,,
464,OTU,31009,1,Fungi,Ascomycota,Sordariomycetes,Hypocreales,,,,,,,
329,OTU,31057,1,Fungi,Ascomycota,Sordariomycetes,Sordariales,Lasiosphaeriaceae,unidentified,Lasiosphaeriaceae,sp,SH215226.07FU,,
609,OTU,31101,1,Fungi,Ascomycota,Leotiomycetes,Incertae,Myxotrichaceae,Malbranchea,Malbranchea,flocciformis,SH017430.07FU,,
202,OTU,31122,1,Fungi,Ascomycota,Sordariomycetes,Hypocreales,Nectriaceae,,,,,,
269,OTU,31146,1,Fungi,,,,,,,,,,
505,OTU,31153,1,Fungi,Ascomycota,,,,,,,,,
555,OTU,31172,1,Fungi,Ascomycota,,,,,,,,,
549,OTU,31201,1,Fungi,Ascomycota,Sordariomycetes,Sordariales,Lasiosphaeriaceae,,,,,,
558,OTU,31253,1,Fungi,Ascomycota,Leotiomycetes,Erysiphales,Erysiphaceae,Blumeria,Blumeria,graminis,SH205388.07FU,,
403,OTU,31272,1,Fungi,Ascomycota,unidentified,unidentified,unidentified,unidentified,Ascomycota,sp,SH198656.07FU,,
349,OTU,31316,1,Fungi,Ascomycota,Sordariomycetes,Sordariales,Lasiosphaeriaceae,Podospora,Podospora,sp,SH201182.07FU,,
133,OTU,31328,1,Fungi,Ascomycota,,,,,,,,,
352,OTU,31356,1,Fungi,Ascomycota,Sordariomycetes,Sordariales,Lasiosphaeriaceae,,,,,,
391,OTU,31442,1,Fungi,,,,,,,,,,
50,OTU,31450,1,Fungi,Ascomycota,unidentified,unidentified,unidentified,unidentified,Ascomycota,sp,SH198656.07FU,,
23,OTU,31472,1,Fungi,Ascomycota,Leotiomycetes,Helotiales,Incertae,Tetracladium,,,,,
229,OTU,31483,1,Fungi,Ascomycota,Sordariomycetes,Hypocreales,Bionectriaceae,Ijuhya,Ijuhya,paraparilis,SH000207.07FU,,
341,OTU,31492,1,Fungi,Ascomycota,Dothideomycetes,Pleosporales,Phaeosphaeriaceae,unidentified,Phaeosphaeriaceae,sp,SH182913.07FU,,
491,OTU,31504,1,Fungi,Ascomycota,Sordariomycetes,Sordariales,Lasiosphaeriaceae,Podospora,Podospora,sp,SH201182.07FU,,
332,OTU,31526,1,Fungi,unidentified,unidentified,unidentified,unidentified,unidentified,Fungi,sp,SH019515.07FU,,
24,OTU,31586,1,Fungi,,,,,,,,,,
163,OTU,31714,1,Fungi,Ascomycota,Sordariomycetes,Sordariales,Lasiosphaeriaceae,Podospora,Podospora,sp,SH201182.07FU,,
331,OTU,31732,1,Fungi,Ascomycota,Eurotiomycetes,Onygenales,Onygenaceae,Auxarthron,Auxarthron,umbrinum,SH200346.07FU,,
166,OTU,31734,1,Fungi,Ascomycota,Sordariomycetes,Sordariales,Lasiosphaeriaceae,Podospora,Podospora,sp,SH201182.07FU,,
416,OTU,31749,1,Fungi,Ascomycota,Leotiomycetes,Helotiales,Incertae,Tetracladium,Tetracladium,maxilliforme,SH204309.07FU,,
216,OTU,31761,1,Fungi,Ascomycota,Sordariomycetes,Sordariales,Lasiosphaeriaceae,Podospora,Podospora,sp,SH201182.07FU,,
564,OTU,31780,1,Fungi,Ascomycota,Sordariomycetes,Sordariales,Chaetomiaceae,,,,,,
307,OTU,31781,1,Fungi,Ascomycota,Sordariomycetes,Sordariales,Lasiosphaeriaceae,Podospora,Podospora,sp,SH201182.07FU,,
616,OTU,31809,1,Fungi,Ascomycota,,,,,,,,,
556,OTU,31822,1,Fungi,Ascomycota,Sordariomycetes,Sordariales,,,,,,,
63,OTU,31831,1,Fungi,Ascomycota,Dothideomycetes,Pleosporales,Cucurbitariaceae,Pyrenochaetopsis,Pyrenochaetopsis,leptospora,SH198996.07FU,,
259,OTU,31842,1,Fungi,,,,,,,,,,
480,OTU,31850,1,Fungi,Ascomycota,,,,,,,,,
393,OTU,31851,1,Fungi,Ascomycota,Leotiomycetes,Helotiales,Incertae,Dactylaria,Dactylaria,dimorphospora,SH025283.07FU,,
727,OTU,31975,1,Fungi,Ascomycota,,,,,,,,,
79,OTU,32005,1,Fungi,Ascomycota,Leotiomycetes,,,,,,,,
190,OTU,32019,1,Fungi,Ascomycota,Leotiomycetes,Incertae,,,,,,,
180,OTU,32098,1,Fungi,Ascomycota,unidentified,unidentified,unidentified,unidentified,Ascomycota,sp,SH215939.07FU,,
73,OTU,32121,1,Fungi,Ascomycota,Sordariomycetes,Hypocreales,Nectriaceae,,,,,,
185,OTU,32129,1,Fungi,Ascomycota,Leotiomycetes,Helotiales,unidentified,unidentified,Helotiales,sp,SH198114.07FU,,
601,OTU,32150,1,Fungi,Ascomycota,,,,,,,,,
93,OTU,32169,1,Fungi,Ascomycota,,,,,,,,,
239,OTU,32214,1,Fungi,Ascomycota,,,,,,,,,
300,OTU,32215,1,Fungi,Ascomycota,,,,,,,,,
270,OTU,32233,1,Fungi,Ascomycota,Eurotiomycetes,Onygenales,unidentified,unidentified,Onygenales,sp,SH183335.07FU,,
463,OTU,32238,1,Fungi,Ascomycota,Leotiomycetes,Helotiales,Incertae,Dactylaria,Dactylaria,dimorphospora,SH025283.07FU,,
247,OTU,32244,1,Fungi,Ascomycota,Leotiomycetes,,,,,,,,
158,OTU,32258,1,Fungi,Ascomycota,,,,,,,,,
91,OTU,32262,1,Fungi,Ascomycota,,,,,,,,,
213,OTU,32288,1,Fungi,,,,,,,,,,
271,OTU,32325,1,Fungi,Ascomycota,,,,,,,,,
541,OTU,32361,1,Fungi,Ascomycota,,,,,,,,,
80,OTU,32529,1,Fungi,,,,,,,,,,
162,OTU,32565,1,Fungi,Ascomycota,Leotiomycetes,Incertae,,,,,,,
62,OTU,32603,1,Fungi,unidentified,unidentified,unidentified,unidentified,unidentified,,,,,
263,OTU,32611,1,Fungi,,,,,,,,,,
20,OTU,32617,1,Fungi,Ascomycota,,,,,,,,,
381,OTU,32623,1,Fungi,Ascomycota,,,,,,,,,
673,OTU,32671,1,Fungi,Ascomycota,unidentified,unidentified,unidentified,unidentified,Ascomycota,sp,SH213615.07FU,,
766,OTU,32703,1,Fungi,Ascomycota,,,,,,,,,
25,OTU,32733,1,Fungi,Ascomycota,Leotiomycetes,Helotiales,Incertae,Tetracladium,Tetracladium,maxilliforme,SH204309.07FU,,
14,OTU,32800,1,Fungi,,,,,,,,,,
182,OTU,32906,1,Fungi,Ascomycota,Sordariomycetes,Sordariales,Lasiosphaeriaceae,Podospora,Podospora,sp,SH201182.07FU,,
670,OTU,32996,1,Fungi,Ascomycota,,,,,,,,,
261,OTU,33106,1,Fungi,Ascomycota,Dothideomycetes,Capnodiales,,,,,,,
255,OTU,33157,1,Fungi,Ascomycota,Leotiomycetes,Helotiales,Incertae,Tetracladium,Tetracladium,sp,SH204315.07FU,,
602,OTU,33287,1,Fungi,,,,,,,,,,
473,OTU,33325,1,Fungi,unidentified,unidentified,unidentified,unidentified,unidentified,,,,,
288,OTU,33377,1,Fungi,Ascomycota,Dothideomycetes,Capnodiales,unidentified,unidentified,Capnodiales,sp,SH016853.07FU,,
637,OTU,33432,1,Fungi,Ascomycota,Leotiomycetes,Helotiales,Hyaloscyphaceae,Lachnum,Lachnum,sp,SH201671.07FU,,
439,OTU,33439,1,Fungi,Ascomycota,unidentified,unidentified,unidentified,unidentified,Ascomycota,sp,SH198116.07FU,,
191,OTU,33473,1,Fungi,Ascomycota,Dothideomycetes,unidentified,unidentified,unidentified,Dothideomycetes,sp,SH203729.07FU,,
168,OTU,33494,1,Fungi,Ascomycota,Leotiomycetes,Helotiales,Incertae,Tetracladium,Tetracladium,maxilliforme,SH204309.07FU,,
140,OTU,33500,1,Fungi,,,,,,,,,,
739,OTU,33608,1,Fungi,,,,,,,,,,
183,OTU,33761,1,Fungi,Ascomycota,unidentified,unidentified,unidentified,unidentified,Ascomycota,sp,SH198116.07FU,,
225,OTU,33788,1,Fungi,Ascomycota,Dothideomycetes,Pleosporales,Incertae,,,,,,
487,OTU,33794,1,Fungi,Ascomycota,Leotiomycetes,Helotiales,unidentified,unidentified,,,,,
538,OTU,33799,1,Fungi,Ascomycota,Leotiomycetes,Incertae,Myxotrichaceae,Oidiodendron,Oidiodendron,griseum,SH216992.07FU,,
518,OTU,33800,1,Fungi,Ascomycota,,,,,,,,,
528,OTU,33806,1,Fungi,,,,,,,,,,
520,OTU,33829,1,Fungi,Ascomycota,Leotiomycetes,Incertae,Myxotrichaceae,,,,,,
545,OTU,33884,1,Fungi,Ascomycota,unidentified,unidentified,unidentified,unidentified,Ascomycota,sp,SH198116.07FU,,
717,OTU,33999,1,Fungi,Basidiomycota,Tremellomycetes,Tremellales,Incertae,Cryptococcus,Cryptococcus,victoriae,SH181632.07FU,,
532,OTU,34002,1,Fungi,Basidiomycota,Tremellomycetes,Tremellales,Incertae,Cryptococcus,Cryptococcus,heimaeyensis,SH181631.07FU,,
299,OTU,34024,1,Fungi,Ascomycota,Leotiomycetes,Incertae,Myxotrichaceae,Oidiodendron,Oidiodendron,cereale,SH217010.07FU,,
598,OTU,34489,1,Fungi,,,,,,,,,,
620,OTU,34599,1,Fungi,unidentified,unidentified,unidentified,unidentified,unidentified,Fungi,sp,SH460850.07FU,,
646,OTU,34887,1,Fungi,,,,,,,,,,
648,OTU,34960,1,Fungi,Ascomycota,,,,,,,,,
687,OTU,35006,1,Fungi,,,,,,,,,,
578,OTU,35107,1,Fungi,,,,,,,,,,
196,OTU,35346,1,Fungi,,,,,,,,,,
472,OTU,35367,1,Fungi,,,,,,,,,,
284,OTU,35536,1,Fungi,,,,,,,,,,
177,OTU,35694,1,Fungi,,,,,,,,,,
627,OTU,35701,1,Fungi,,,,,,,,,,
1145,OTU,134,2,Fungi,,,,,,,,,,
988,OTU,136,2,Fungi,,,,,,,,,,
1117,OTU,175,2,Fungi,,,,,,,,,,
964,OTU,180,2,Fungi,,,,,,,,,,
1000,OTU,207,2,Fungi,,,,,,,,,,
862,OTU,223,2,Fungi,,,,,,,,,,
1034,OTU,265,2,Fungi,Zygomycota,Incertae,Mortierellales,Mortierellaceae,,,,,,
809,OTU,273,2,Fungi,,,,,,,,,,
1059,OTU,520,2,Fungi,,,,,,,,,,
1098,OTU,870,2,Fungi,,,,,,,,,,
1156,OTU,1184,2,Fungi,,,,,,,,,,
1134,OTU,1213,2,Fungi,,,,,,,,,,
873,OTU,1600,2,Fungi,,,,,,,,,,
1190,OTU,1838,2,Fungi,,,,,,,,,,
1189,OTU,1839,2,Fungi,,,,,,,,,,
959,OTU,1948,2,Fungi,,,,,,,,,,
1192,OTU,2012,2,Fungi,,,,,,,,,,
1051,OTU,2083,2,Fungi,,,,,,,,,,
942,OTU,2378,2,Fungi,,,,,,,,,,
1024,OTU,2464,2,Fungi,,,,,,,,,,
827,OTU,2586,2,Fungi,Chytridiomycota,unidentified,unidentified,unidentified,unidentified,Chytridiomycota,sp,SH029551.07FU,,
787,OTU,2641,2,Fungi,Zygomycota,Incertae,Mortierellales,unidentified,unidentified,Mortierellales,sp,SH217612.07FU,,
1111,OTU,2748,2,Fungi,Chytridiomycota,Blastocladiomycetes,Blastocladiales,Catenariaceae,Catenomyces,Catenomyces,sp,SH461081.07FU,,
797,OTU,2800,2,Fungi,Zygomycota,Incertae,Mortierellales,unidentified,unidentified,Mortierellales,sp,SH217612.07FU,,
884,OTU,2854,2,Fungi,,,,,,,,,,
1197,OTU,2856,2,Fungi,,,,,,,,,,
999,OTU,2874,2,Fungi,Chytridiomycota,unidentified,unidentified,unidentified,unidentified,Chytridiomycota,sp,SH029551.07FU,,
926,OTU,2941,2,Fungi,,,,,,,,,,
921,OTU,2980,2,Fungi,Zygomycota,Incertae,Mortierellales,unidentified,unidentified,Mortierellales,sp,SH217612.07FU,,
910,OTU,3016,2,Fungi,Zygomycota,Incertae,Mortierellales,unidentified,unidentified,Mortierellales,sp,SH217612.07FU,,
997,OTU,3089,2,Fungi,Zygomycota,Incertae,Mortierellales,unidentified,unidentified,Mortierellales,sp,SH217612.07FU,,
802,OTU,3198,2,Fungi,Zygomycota,Incertae,Mortierellales,unidentified,unidentified,Mortierellales,sp,SH217612.07FU,,
1016,OTU,3358,2,Fungi,,,,,,,,,,
1162,OTU,4467,2,Fungi,,,,,,,,,,
790,OTU,4507,2,Fungi,Zygomycota,Incertae,Mortierellales,Mortierellaceae,Mortierella,,,,,
876,OTU,4587,2,Fungi,,,,,,,,,,
1027,OTU,4768,2,Fungi,Chytridiomycota,Chytridiomycetes,Rhizophydiales,Rhizophydiaceae,Rhizophydium,Rhizophydium,sp,SH028573.07FU,,
812,OTU,4783,2,Fungi,Zygomycota,Incertae,Mortierellales,Mortierellaceae,Mortierella,,,,,
782,OTU,4807,2,Fungi,Zygomycota,Incertae,Mortierellales,Mortierellaceae,Mortierella,,,,,
833,OTU,4816,2,Fungi,Zygomycota,Incertae,Mortierellales,Mortierellaceae,Mortierella,,,,,
788,OTU,4844,2,Fungi,Zygomycota,Incertae,Mortierellales,Mortierellaceae,Mortierella,,,,,
1129,OTU,5018,2,Fungi,Chytridiomycota,unidentified,unidentified,unidentified,unidentified,,,,,
1079,OTU,5504,2,Fungi,unidentified,unidentified,unidentified,unidentified,unidentified,,,,,
1122,OTU,5513,2,Fungi,,,,,,,,,,
786,OTU,5524,2,Fungi,Zygomycota,Incertae,Mortierellales,Mortierellaceae,,,,,,
887,OTU,5649,2,Fungi,,,,,,,,,,
991,OTU,5808,2,Fungi,,,,,,,,,,
1185,OTU,5874,2,Fungi,,,,,,,,,,
1150,OTU,5922,2,Fungi,Zygomycota,Incertae,Kickxellales,Kickxellaceae,Ramicandelaber,Ramicandelaber,sp,SH006496.07FU,,
1119,OTU,6075,2,Fungi,,,,,,,,,,
783,OTU,6165,2,Fungi,Basidiomycota,Tremellomycetes,Tremellales,Incertae,Cryptococcus,,,,,
817,OTU,6425,2,Fungi,,,,,,,,,,
951,OTU,6437,2,Fungi,unidentified,unidentified,unidentified,unidentified,unidentified,Fungi,sp,SH216704.07FU,,
1041,OTU,6520,2,Fungi,unidentified,unidentified,unidentified,unidentified,unidentified,Fungi,sp,SH460290.07FU,,
1025,OTU,6545,2,Fungi,,,,,,,,,,
882,OTU,6675,2,Fungi,,,,,,,,,,
929,OTU,6774,2,Fungi,,,,,,,,,,
946,OTU,6842,2,Fungi,,,,,,,,,,
891,OTU,6867,2,Fungi,Chytridiomycota,Chytridiomycetes,Rhizophydiales,Incertae,Operculomyces,Operculomyces,laminatus,SH210135.07FU,,
863,OTU,6957,2,Fungi,,,,,,,,,,
930,OTU,6978,2,Fungi,unidentified,unidentified,unidentified,unidentified,unidentified,,,,,
1195,OTU,7312,2,Fungi,unidentified,unidentified,unidentified,unidentified,unidentified,Fungi,sp,SH458120.07FU,,
1170,OTU,7330,2,Fungi,,,,,,,,,,
932,OTU,7488,2,Fungi,,,,,,,,,,
966,OTU,7503,2,Fungi,,,,,,,,,,
902,OTU,7568,2,Fungi,,,,,,,,,,
1014,OTU,7570,2,Fungi,,,,,,,,,,
815,OTU,7613,2,Fungi,Zygomycota,Incertae,Mortierellales,Mortierellaceae,Mortierella,Mortierella,sp,SH180117.07FU,,
979,OTU,7626,2,Fungi,,,,,,,,,,
1064,OTU,7654,2,Fungi,,,,,,,,,,
1171,OTU,7750,2,Fungi,,,,,,,,,,
831,OTU,7783,2,Fungi,Zygomycota,Incertae,Mortierellales,Mortierellaceae,Mortierella,Mortierella,sp,SH180117.07FU,,
792,OTU,7853,2,Fungi,Basidiomycota,Exobasidiomycetes,Georgefischeriales,Tilletiariaceae,Tilletiaria,Tilletiaria,anomala,SH482410.07FU,,
1123,OTU,7913,2,Fungi,,,,,,,,,,
1169,OTU,7931,2,Fungi,,,,,,,,,,
1097,OTU,7999,2,Fungi,,,,,,,,,,
1054,OTU,8031,2,Fungi,,,,,,,,,,
915,OTU,8212,2,Fungi,Zygomycota,Incertae,Mortierellales,Mortierellaceae,Mortierella,,,,,
840,OTU,8274,2,Fungi,,,,,,,,,,
1154,OTU,8299,2,Fungi,Zygomycota,Incertae,Mortierellales,Mortierellaceae,Mortierella,,,,,
1089,OTU,8307,2,Fungi,Zygomycota,Incertae,Mortierellales,Mortierellaceae,Mortierella,,,,,
1149,OTU,8467,2,Fungi,,,,,,,,,,
1133,OTU,8490,2,Fungi,,,,,,,,,,
1191,OTU,8585,2,Fungi,,,,,,,,,,
1146,OTU,8607,2,Fungi,Zygomycota,Incertae,Mortierellales,Mortierellaceae,Mortierella,Mortierella,horticola,SH199633.07FU,,
933,OTU,8690,2,Fungi,,,,,,,,,,
970,OTU,8808,2,Fungi,Zygomycota,Incertae,Mortierellales,Mortierellaceae,Mortierella,,,,,
972,OTU,8830,2,Fungi,Zygomycota,Incertae,Mortierellales,Mortierellaceae,Mortierella,,,,,
980,OTU,8833,2,Fungi,Zygomycota,Incertae,Mortierellales,Mortierellaceae,Mortierella,Mortierella,longigemmata,SH180129.07FU,,
927,OTU,8844,2,Fungi,Zygomycota,Incertae,Mortierellales,Mortierellaceae,,,,,,
967,OTU,8848,2,Fungi,Zygomycota,Incertae,Mortierellales,Mortierellaceae,,,,,,
1094,OTU,8868,2,Fungi,Zygomycota,Incertae,Mortierellales,Mortierellaceae,Mortierella,,,,,
931,OTU,8998,2,Fungi,,,,,,,,,,
1096,OTU,9057,2,Fungi,,,,,,,,,,
1013,OTU,9122,2,Fungi,,,,,,,,,,
995,OTU,9142,2,Fungi,,,,,,,,,,
1155,OTU,9258,2,Fungi,,,,,,,,,,
963,OTU,9291,2,Fungi,Basidiomycota,Agaricomycetes,Agaricales,,,,,,,
849,OTU,9358,2,Fungi,,,,,,,,,,
810,OTU,9541,2,Fungi,,,,,,,,,,
978,OTU,9697,2,Fungi,,,,,,,,,,
1038,OTU,9702,2,Fungi,Chytridiomycota,,,,,,,,,
1076,OTU,9711,2,Fungi,Zygomycota,Incertae,Mortierellales,Mortierellaceae,Mortierella,Mortierella,sp,SH187873.07FU,,
1019,OTU,9780,2,Fungi,Zygomycota,Incertae,Mortierellales,Mortierellaceae,Mortierella,Mortierella,sp,SH187873.07FU,,
1021,OTU,9846,2,Fungi,,,,,,,,,,
1100,OTU,9891,2,Fungi,,,,,,,,,,
1062,OTU,9905,2,Fungi,Zygomycota,Incertae,Mortierellales,Mortierellaceae,Mortierella,Mortierella,sp,SH187873.07FU,,
1178,OTU,9951,2,Fungi,,,,,,,,,,
993,OTU,10026,2,Fungi,Basidiomycota,Agaricomycetes,Agaricales,,,,,,,
872,OTU,10153,2,Fungi,Glomeromycota,Glomeromycetes,Paraglomerales,,,,,,,
903,OTU,10179,2,Fungi,Glomeromycota,Glomeromycetes,Paraglomerales,,,,,,,
795,OTU,10245,2,Fungi,Zygomycota,Incertae,Mortierellales,Mortierellaceae,Mortierella,Mortierella,globulifera,SH185972.07FU,,
841,OTU,10322,2,Fungi,Glomeromycota,Glomeromycetes,Paraglomerales,,,,,,,
1135,OTU,10350,2,Fungi,Zygomycota,Incertae,Mortierellales,Mortierellaceae,Mortierella,,,,,
830,OTU,10435,2,Fungi,Zygomycota,Incertae,Mortierellales,Mortierellaceae,Mortierella,Mortierella,globulifera,SH185972.07FU,,
1029,OTU,10462,2,Fungi,Glomeromycota,Glomeromycetes,Paraglomerales,,,,,,,
945,OTU,10475,2,Fungi,,,,,,,,,,
1124,OTU,10483,2,Fungi,,,,,,,,,,
965,OTU,10495,2,Fungi,Zygomycota,Incertae,Mortierellales,Mortierellaceae,Mortierella,Mortierella,pseudozygospora,SH208762.07FU,,
1030,OTU,10503,2,Fungi,Basidiomycota,Agaricomycetes,Agaricales,Entolomataceae,Entoloma,,,,,
839,OTU,10622,2,Fungi,,,,,,,,,,
1073,OTU,10643,2,Fungi,,,,,,,,,,
938,OTU,10683,2,Fungi,,,,,,,,,,
976,OTU,10718,2,Fungi,,,,,,,,,,
889,OTU,10738,2,Fungi,Glomeromycota,Glomeromycetes,Paraglomerales,,,,,,,
1106,OTU,10769,2,Fungi,unidentified,unidentified,unidentified,unidentified,unidentified,Fungi,sp,SH475998.07FU,,
866,OTU,10774,2,Fungi,,,,,,,,,,
909,OTU,10981,2,Fungi,Glomeromycota,Glomeromycetes,Paraglomerales,,,,,,,
1075,OTU,10989,2,Fungi,Glomeromycota,Glomeromycetes,Paraglomerales,,,,,,,
1143,OTU,11097,2,Fungi,Basidiomycota,Tremellomycetes,Cystofilobasidiales,Incertae,Mrakiella,Mrakiella,aquatica,SH202459.07FU,,
1003,OTU,11100,2,Fungi,,,,,,,,,,
1065,OTU,11101,2,Fungi,,,,,,,,,,
1088,OTU,11112,2,Fungi,Glomeromycota,Glomeromycetes,Glomerales,Claroideoglomeraceae,Claroideoglomus,Claroideoglomus,sp,SH021559.07FU,,
893,OTU,11239,2,Fungi,,,,,,,,,,
987,OTU,11242,2,Fungi,Chytridiomycota,Monoblepharidomycetes,Monoblepharidales,,,,,,,
1147,OTU,11379,2,Fungi,,,,,,,,,,
949,OTU,11480,2,Fungi,Glomeromycota,Glomeromycetes,Paraglomerales,,,,,,,
1177,OTU,11563,2,Fungi,Chytridiomycota,Chytridiomycetes,Spizellomycetales,Spizellomycetaceae,Spizellomyces,Spizellomyces,sp,SH210367.07FU,,
1181,OTU,11579,2,Fungi,Glomeromycota,Glomeromycetes,Glomerales,Claroideoglomeraceae,Claroideoglomus,,,,,
880,OTU,11596,2,Fungi,Basidiomycota,Agaricomycetes,Agaricales,Clavariaceae,Clavaria,Clavaria,sp,SH192743.07FU,,
1095,OTU,11711,2,Fungi,Glomeromycota,Glomeromycetes,Glomerales,Claroideoglomeraceae,Claroideoglomus,,,,,
1005,OTU,11725,2,Fungi,Basidiomycota,Agaricomycetes,Cantharellales,Ceratobasidiaceae,Ceratobasidium,,,,,
791,OTU,11798,2,Fungi,,,,,,,,,,
1168,OTU,12033,2,Fungi,Glomeromycota,Glomeromycetes,Glomerales,Claroideoglomeraceae,Claroideoglomus,,,,,
890,OTU,12531,2,Fungi,Glomeromycota,Glomeromycetes,Glomerales,Claroideoglomeraceae,Claroideoglomus,,,,,
1165,OTU,12534,2,Fungi,,,,,,,,,,
1104,OTU,12738,2,Fungi,Basidiomycota,Agaricomycetes,Agaricales,Clavariaceae,,,,,,
914,OTU,12750,2,Fungi,Basidiomycota,Agaricomycetes,Agaricales,Clavariaceae,Clavaria,Clavaria,sp,SH192743.07FU,,
1044,OTU,12806,2,Fungi,,,,,,,,,,
1179,OTU,13097,2,Fungi,Glomeromycota,Glomeromycetes,Archaeosporales,unidentified,unidentified,,,,,
1127,OTU,13137,2,Fungi,Glomeromycota,Glomeromycetes,Glomerales,Claroideoglomeraceae,Claroideoglomus,,,,,
919,OTU,13304,2,Fungi,,,,,,,,,,
920,OTU,13529,2,Fungi,Basidiomycota,Microbotryomycetes,Leucosporidiales,unidentified,unidentified,,,,,
799,OTU,13550,2,Fungi,Basidiomycota,Microbotryomycetes,Sporidiobolales,unidentified,unidentified,Sporidiobolales,sp,SH007274.07FU,,
923,OTU,13613,2,Fungi,Basidiomycota,Agaricomycetes,Agaricales,,,,,,,
1187,OTU,13671,2,Fungi,,,,,,,,,,
1011,OTU,13731,2,Fungi,Basidiomycota,Agaricomycetes,unidentified,unidentified,unidentified,Agaricomycetes,sp,SH014257.07FU,,
848,OTU,13756,2,Fungi,Basidiomycota,Agaricomycetes,Agaricales,Clavariaceae,Clavaria,Clavaria,sp,SH185111.07FU,,
899,OTU,13772,2,Fungi,Basidiomycota,Agaricomycetes,,,,,,,,
829,OTU,13774,2,Fungi,,,,,,,,,,
1067,OTU,14030,2,Fungi,Basidiomycota,Agaricomycetes,Agaricales,Clavariaceae,Clavaria,,,,,
1163,OTU,14207,2,Fungi,Glomeromycota,Glomeromycetes,Glomerales,Claroideoglomeraceae,Claroideoglomus,,,,,
1121,OTU,14235,2,Fungi,,,,,,,,,,
1152,OTU,14249,2,Fungi,,,,,,,,,,
1077,OTU,14455,2,Fungi,Basidiomycota,Microbotryomycetes,Leucosporidiales,unidentified,unidentified,,,,,
842,OTU,14528,2,Fungi,Basidiomycota,Microbotryomycetes,Sporidiobolales,Incertae,Rhodotorula,Rhodotorula,cresolica,SH193439.07FU,,
844,OTU,14576,2,Fungi,Basidiomycota,Agaricomycetes,Agaricales,Clavariaceae,Clavaria,Clavaria,acuta,SH185116.07FU,,
908,OTU,14692,2,Fungi,Glomeromycota,Glomeromycetes,Diversisporales,Acaulosporaceae,Acaulospora,Acaulospora,sp,SH194654.07FU,,
850,OTU,14808,2,Fungi,Ascomycota,Geoglossomycetes,Geoglossales,Geoglossaceae,Trichoglossum,Trichoglossum,walteri,SH017435.07FU,,
956,OTU,14828,2,Fungi,Basidiomycota,Microbotryomycetes,Leucosporidiales,unidentified,unidentified,Leucosporidiales,sp,SH012950.07FU,,
974,OTU,14862,2,Fungi,Basidiomycota,Microbotryomycetes,Sporidiobolales,Incertae,Rhodotorula,Rhodotorula,cresolica,SH193439.07FU,,
838,OTU,14872,2,Fungi,,,,,,,,,,
1109,OTU,14873,2,Fungi,,,,,,,,,,
825,OTU,15075,2,Fungi,,,,,,,,,,
961,OTU,15115,2,Fungi,Basidiomycota,Microbotryomycetes,Leucosporidiales,unidentified,unidentified,,,,,
1015,OTU,15168,2,Fungi,Glomeromycota,Glomeromycetes,Diversisporales,Acaulosporaceae,Acaulospora,,,,,
1160,OTU,15381,2,Fungi,,,,,,,,,,
1004,OTU,15407,2,Fungi,Basidiomycota,Agaricomycetes,Geastrales,,,,,,,
1103,OTU,15638,2,Fungi,Glomeromycota,Glomeromycetes,Glomerales,Glomeraceae,unidentified,,,,,
1112,OTU,15647,2,Fungi,Basidiomycota,Agaricomycetes,Agaricales,Clavariaceae,,,,,,
867,OTU,15715,2,Fungi,Basidiomycota,Microbotryomycetes,Leucosporidiales,unidentified,unidentified,Leucosporidiales,sp,SH012950.07FU,,
832,OTU,15773,2,Fungi,,,,,,,,,,
864,OTU,15847,2,Fungi,Basidiomycota,Microbotryomycetes,Leucosporidiales,unidentified,unidentified,Leucosporidiales,sp,SH012946.07FU,,
1052,OTU,15865,2,Fungi,Basidiomycota,Microbotryomycetes,,,,,,,,
855,OTU,15898,2,Fungi,Basidiomycota,Microbotryomycetes,Leucosporidiales,unidentified,unidentified,Leucosporidiales,sp,SH193776.07FU,,
811,OTU,15922,2,Fungi,Basidiomycota,Microbotryomycetes,Leucosporidiales,unidentified,unidentified,Leucosporidiales,sp,SH012946.07FU,,
984,OTU,15943,2,Fungi,,,,,,,,,,
924,OTU,16184,2,Fungi,Basidiomycota,Agaricomycetes,Agaricales,Tricholomataceae,Delicatula,Delicatula,integrella,SH190595.07FU,,
1107,OTU,16190,2,Fungi,Glomeromycota,Glomeromycetes,Glomerales,Glomeraceae,,,,,,
1125,OTU,16193,2,Fungi,,,,,,,,,,
1204,OTU,16222,2,Fungi,,,,,,,,,,
871,OTU,16358,2,Fungi,Basidiomycota,Agaricomycetes,Agaricales,,,,,,,
1115,OTU,16378,2,Fungi,Glomeromycota,Glomeromycetes,Glomerales,Glomeraceae,,,,,,
900,OTU,16442,2,Fungi,Basidiomycota,Microbotryomycetes,,,,,,,,
990,OTU,16739,2,Fungi,Glomeromycota,Glomeromycetes,Glomerales,Glomeraceae,unidentified,,,,,
1138,OTU,16763,2,Fungi,Basidiomycota,Agaricomycetes,Agaricales,Entolomataceae,Entoloma,,,,,
1164,OTU,16769,2,Fungi,,,,,,,,,,
824,OTU,16804,2,Fungi,,,,,,,,,,
1070,OTU,16955,2,Fungi,,,,,,,,,,
1020,OTU,16978,2,Fungi,Glomeromycota,Glomeromycetes,Glomerales,Glomeraceae,,,,,,
1116,OTU,17021,2,Fungi,Basidiomycota,Agaricomycetes,Trechisporales,Hydnodontaceae,unidentified,Hydnodontaceae,sp,SH186050.07FU,,
983,OTU,17258,2,Fungi,Basidiomycota,Agaricomycetes,Agaricales,Psathyrellaceae,Coprinopsis,Coprinopsis,narcotica,SH219019.07FU,,
1082,OTU,17269,2,Fungi,Basidiomycota,Agaricomycetes,Agaricales,Entolomataceae,Entoloma,,,,,
1188,OTU,17274,2,Fungi,,,,,,,,,,
1128,OTU,17529,2,Fungi,,,,,,,,,,
816,OTU,17557,2,Fungi,Basidiomycota,Agaricomycetes,Agaricales,Psathyrellaceae,unidentified,Psathyrellaceae,sp,SH219038.07FU,,
937,OTU,17706,2,Fungi,,,,,,,,,,
917,OTU,17792,2,Fungi,,,,,,,,,,
789,OTU,17800,2,Fungi,Basidiomycota,Agaricomycetes,Agaricales,Entolomataceae,Entoloma,Entoloma,conferendum,SH221923.07FU,,
1202,OTU,17806,2,Fungi,,,,,,,,,,
1113,OTU,17813,2,Fungi,Glomeromycota,Glomeromycetes,Archaeosporales,unidentified,unidentified,,,,,
1130,OTU,18043,2,Fungi,Glomeromycota,Glomeromycetes,Archaeosporales,Ambisporaceae,Ambispora,Ambispora,sp,SH026999.07FU,,
1144,OTU,18676,2,Fungi,Glomeromycota,Glomeromycetes,Archaeosporales,unidentified,unidentified,,,,,
870,OTU,18686,2,Fungi,Glomeromycota,Glomeromycetes,Glomerales,Glomeraceae,unidentified,Glomeraceae,sp,SH191191.07FU,,
985,OTU,18799,2,Fungi,,,,,,,,,,
928,OTU,18868,2,Fungi,Basidiomycota,Agaricomycetes,Agaricales,,,,,,,
1167,OTU,18895,2,Fungi,unidentified,unidentified,unidentified,unidentified,unidentified,Fungi,sp,SH177200.07FU,,
851,OTU,19057,2,Fungi,Basidiomycota,Agaricomycetes,Sebacinales,unidentified,unidentified,Sebacinales,sp,SH015421.07FU,,
941,OTU,19194,2,Fungi,,,,,,,,,,
1028,OTU,19275,2,Fungi,,,,,,,,,,
960,OTU,19477,2,Fungi,Glomeromycota,Glomeromycetes,Glomerales,Glomeraceae,unidentified,Glomeraceae,sp,SH191191.07FU,,
1201,OTU,19543,2,Fungi,,,,,,,,,,
892,OTU,19580,2,Fungi,Ascomycota,Sordariomycetes,,,,,,,,
1105,OTU,19942,2,Fungi,Basidiomycota,Agaricomycetes,unidentified,unidentified,unidentified,Agaricomycetes,sp,SH220644.07FU,,
1193,OTU,20280,2,Fungi,Ascomycota,Orbiliomycetes,Orbiliales,unidentified,unidentified,Orbiliales,sp,SH470860.07FU,,
1023,OTU,20501,2,Fungi,Glomeromycota,Glomeromycetes,Archaeosporales,unidentified,unidentified,Archaeosporales,sp,SH217164.07FU,,
1008,OTU,20562,2,Fungi,,,,,,,,,,
869,OTU,20571,2,Fungi,unidentified,unidentified,unidentified,unidentified,unidentified,Fungi,sp,SH021173.07FU,,
968,OTU,20592,2,Fungi,Glomeromycota,Glomeromycetes,Archaeosporales,,,,,,,
1043,OTU,20614,2,Fungi,Rozellomycota,unidentified,unidentified,unidentified,unidentified,,,,,
898,OTU,20742,2,Fungi,Glomeromycota,Glomeromycetes,Archaeosporales,unidentified,unidentified,Archaeosporales,sp,SH129002.07FU,,
879,OTU,20855,2,Fungi,Glomeromycota,Glomeromycetes,Archaeosporales,unidentified,unidentified,,,,,
952,OTU,21006,2,Fungi,Glomeromycota,Glomeromycetes,Archaeosporales,,,,,,,
1136,OTU,21158,2,Fungi,Basidiomycota,,,,,,,,,
916,OTU,21211,2,Fungi,,,,,,,,,,
986,OTU,21312,2,Fungi,Ascomycota,,,,,,,,,
834,OTU,21413,2,Fungi,Ascomycota,Leotiomycetes,Incertae,Incertae,Leohumicola,,,,,
852,OTU,21425,2,Fungi,unidentified,unidentified,unidentified,unidentified,unidentified,Fungi,sp,SH021173.07FU,,
955,OTU,21454,2,Fungi,Glomeromycota,Glomeromycetes,Glomerales,Glomeraceae,unidentified,,,,,
804,OTU,21672,2,Fungi,Ascomycota,Sordariomycetes,Hypocreales,Clavicipitaceae,Pochonia,Pochonia,sp,SH012122.07FU,,
1033,OTU,22633,2,Fungi,,,,,,,,,,
875,OTU,22652,2,Fungi,,,,,,,,,,
1047,OTU,23052,2,Fungi,Ascomycota,Geoglossomycetes,Geoglossales,Geoglossaceae,Glutinoglossum,,,,,
857,OTU,23132,2,Fungi,Ascomycota,Pezizomycetes,Pezizales,Pezizaceae,unidentified,Pezizaceae,sp,SH214051.07FU,,
911,OTU,23140,2,Fungi,Basidiomycota,Tremellomycetes,Tremellales,,,,,,,
846,OTU,23172,2,Fungi,Ascomycota,Sordariomycetes,Microascales,Ceratocystidaceae,Ceratocystis,Ceratocystis,sp,SH470104.07FU,,
1006,OTU,23255,2,Fungi,Ascomycota,Geoglossomycetes,Geoglossales,Geoglossaceae,,,,,,
1045,OTU,23565,2,Fungi,Ascomycota,Geoglossomycetes,Geoglossales,Geoglossaceae,Glutinoglossum,,,,,
853,OTU,24014,2,Fungi,Ascomycota,Sordariomycetes,Hypocreales,Hypocreaceae,Trichoderma,,,,,
828,OTU,24294,2,Fungi,Ascomycota,Orbiliomycetes,unidentified,unidentified,unidentified,Orbiliomycetes,sp,SH192297.07FU,,
1099,OTU,24319,2,Fungi,Ascomycota,Orbiliomycetes,unidentified,unidentified,unidentified,Orbiliomycetes,sp,SH192297.07FU,,
1068,OTU,24397,2,Fungi,,,,,,,,,,
954,OTU,24592,2,Fungi,Ascomycota,Eurotiomycetes,Chaetothyriales,unidentified,unidentified,,,,,
1141,OTU,24607,2,Fungi,Ascomycota,Sordariomycetes,Hypocreales,unidentified,unidentified,,,,,
1198,OTU,24627,2,Fungi,Ascomycota,Sordariomycetes,Hypocreales,Hypocreaceae,Trichoderma,,,,,
860,OTU,24715,2,Fungi,Ascomycota,Sordariomycetes,Hypocreales,Hypocreaceae,Trichoderma,,,,,
906,OTU,24827,2,Fungi,Ascomycota,Eurotiomycetes,Chaetothyriales,Herpotrichiellaceae,unidentified,Herpotrichiellaceae,sp,SH473450.07FU,,
1040,OTU,24853,2,Fungi,Ascomycota,Sordariomycetes,Magnaporthales,Magnaporthaceae,,,,,,
1087,OTU,24866,2,Fungi,Basidiomycota,Agaricomycetes,,,,,,,,
836,OTU,25563,2,Fungi,Ascomycota,Sordariomycetes,Hypocreales,,,,,,,
907,OTU,25762,2,Fungi,,,,,,,,,,
,OTU,25806,2,Fungi,Ascomycota,Sordariomycetes,,,,,,,,
989,OTU,26131,2,Fungi,Ascomycota,,,,,,,,,
843,OTU,26153,2,Fungi,Ascomycota,Sordariomycetes,Xylariales,,,,,,,
1022,OTU,26294,2,Fungi,Ascomycota,Orbiliomycetes,unidentified,unidentified,unidentified,Orbiliomycetes,sp,SH192297.07FU,,
1174,OTU,26295,2,Fungi,Ascomycota,Leotiomycetes,unidentified,unidentified,unidentified,Leotiomycetes,sp,SH026320.07FU,,
1055,OTU,26307,2,Fungi,,,,,,,,,,
1186,OTU,26452,2,Fungi,Ascomycota,Leotiomycetes,unidentified,unidentified,unidentified,Leotiomycetes,sp,SH026320.07FU,,
1183,OTU,26703,2,Fungi,,,,,,,,,,
1114,OTU,26813,2,Fungi,Ascomycota,,,,,,,,,
1032,OTU,26820,2,Fungi,Ascomycota,,,,,,,,,
1049,OTU,26866,2,Fungi,Ascomycota,Eurotiomycetes,Chaetothyriales,,,,,,,
950,OTU,27349,2,Fungi,Ascomycota,Pezizomycetes,Pezizales,Pyronemataceae,Scutellinia,Scutellinia,scutellata,SH215678.07FU,,
793,OTU,27359,2,Fungi,Ascomycota,Pezizomycetes,Pezizales,Pyronemataceae,Scutellinia,Scutellinia,scutellata,SH215678.07FU,,
1046,OTU,27401,2,Fungi,Ascomycota,Leotiomycetes,unidentified,unidentified,unidentified,,,,,
1173,OTU,27441,2,Fungi,Ascomycota,Eurotiomycetes,Eurotiales,Trichocomaceae,unidentified,Trichocomaceae,sp,SH207153.07FU,,
977,OTU,27576,2,Fungi,Ascomycota,Dothideomycetes,Pleosporales,Didymosphaeriaceae,Didymosphaeria,Didymosphaeria,sp,SH197544.07FU,,
1018,OTU,27590,2,Fungi,,,,,,,,,,
1101,OTU,27706,2,Fungi,,,,,,,,,,
1091,OTU,27739,2,Fungi,,,,,,,,,,
1078,OTU,28001,2,Fungi,Basidiomycota,Tremellomycetes,unidentified,unidentified,unidentified,Tremellomycetes,sp,SH005081.07FU,,
1086,OTU,28018,2,Fungi,,,,,,,,,,
1072,OTU,28027,2,Fungi,Ascomycota,Dothideomycetes,Pleosporales,,,,,,,
1132,OTU,28034,2,Fungi,,,,,,,,,,
1157,OTU,28064,2,Fungi,Ascomycota,Eurotiomycetes,Chaetothyriales,,,,,,,
784,OTU,28084,2,Fungi,Ascomycota,Sordariomycetes,Coniochaetales,unidentified,unidentified,Coniochaetales,sp,SH191396.07FU,,
1153,OTU,28098,2,Fungi,Ascomycota,Sordariomycetes,Hypocreales,Clavicipitaceae,Drechmeria,Drechmeria,coniospora,SH007118.07FU,,
1158,OTU,28145,2,Fungi,,,,,,,,,,
805,OTU,28177,2,Fungi,Ascomycota,Dothideomycetes,Pleosporales,,,,,,,
1010,OTU,28214,2,Fungi,Ascomycota,,,,,,,,,
1161,OTU,28307,2,Fungi,Ascomycota,Eurotiomycetes,Chaetothyriales,,,,,,,
859,OTU,28321,2,Fungi,Ascomycota,Pezizomycetes,Pezizales,Pyronemataceae,Byssonectria,Byssonectria,terrestris,SH215677.07FU,,
1159,OTU,28382,2,Fungi,Ascomycota,Eurotiomycetes,Chaetothyriales,,,,,,,
1053,OTU,28620,2,Fungi,Ascomycota,,,,,,,,,
819,OTU,28673,2,Fungi,Ascomycota,Sordariomycetes,Coniochaetales,,,,,,,
1182,OTU,28691,2,Fungi,,,,,,,,,,
1199,OTU,28753,2,Fungi,unidentified,unidentified,unidentified,unidentified,unidentified,Fungi,sp,SH483677.07FU,,
1175,OTU,28948,2,Fungi,Ascomycota,Sordariomycetes,Coniochaetales,unidentified,unidentified,Coniochaetales,sp,SH191396.07FU,,
1061,OTU,29025,2,Fungi,Ascomycota,Eurotiomycetes,Chaetothyriales,,,,,,,
939,OTU,29080,2,Fungi,Ascomycota,Eurotiomycetes,Chaetothyriales,,,,,,,
818,OTU,29118,2,Fungi,Ascomycota,Sordariomycetes,Hypocreales,Ophiocordycipitaceae,,,,,,
807,OTU,29334,2,Fungi,Ascomycota,Sordariomycetes,Coniochaetales,Coniochaetaceae,unidentified,Coniochaetaceae,sp,SH191379.07FU,,
835,OTU,29465,2,Fungi,Ascomycota,Sordariomycetes,Coniochaetales,unidentified,unidentified,Coniochaetales,sp,SH191396.07FU,,
803,OTU,29472,2,Fungi,Ascomycota,,,,,,,,,
813,OTU,29516,2,Fungi,Ascomycota,Sordariomycetes,,,,,,,,
814,OTU,29581,2,Fungi,Ascomycota,Pezizomycetes,Pezizales,Ascobolaceae,Ascobolus,,,,,
785,OTU,29816,2,Fungi,Ascomycota,Sordariomycetes,Sordariales,Lasiosphaeriaceae,Podospora,Podospora,sp,SH018044.07FU,,
1012,OTU,29907,2,Fungi,Ascomycota,Sordariomycetes,Sordariales,Lasiosphaeriaceae,,,,,,
1048,OTU,29952,2,Fungi,,,,,,,,,,
975,OTU,29968,2,Fungi,Ascomycota,Sordariomycetes,Hypocreales,Ophiocordycipitaceae,,,,,,
957,OTU,30117,2,Fungi,Ascomycota,,,,,,,,,
982,OTU,30118,2,Fungi,Ascomycota,Dothideomycetes,,,,,,,,
1148,OTU,30125,2,Fungi,Ascomycota,,,,,,,,,
1126,OTU,30321,2,Fungi,Ascomycota,,,,,,,,,
925,OTU,30461,2,Fungi,Ascomycota,Sordariomycetes,Sordariales,unidentified,unidentified,Sordariales,sp,SH212624.07FU,,
888,OTU,30501,2,Fungi,Ascomycota,Sordariomycetes,Sordariales,unidentified,unidentified,Sordariales,sp,SH212624.07FU,,
801,OTU,30700,2,Fungi,Ascomycota,Sordariomycetes,Sordariales,Lasiosphaeriaceae,Podospora,Podospora,sp,SH192696.07FU,,
885,OTU,30819,2,Fungi,Ascomycota,Sordariomycetes,Sordariales,Lasiosphaeriaceae,Podospora,Podospora,sp,SH192702.07FU,,
996,OTU,30833,2,Fungi,,,,,,,,,,
1035,OTU,30854,2,Fungi,Ascomycota,,,,,,,,,
1060,OTU,30868,2,Fungi,,,,,,,,,,
820,OTU,30875,2,Fungi,,,,,,,,,,
940,OTU,30983,2,Fungi,Ascomycota,Leotiomycetes,Helotiales,Helotiaceae,Articulospora,,,,,
794,OTU,31091,2,Fungi,Ascomycota,Leotiomycetes,Helotiales,Incertae,Cystodendron,Cystodendron,sp,SH174318.07FU,,
973,OTU,31140,2,Fungi,,,,,,,,,,
806,OTU,31147,2,Fungi,Ascomycota,Sordariomycetes,Sordariales,Lasiosphaeriaceae,unidentified,Lasiosphaeriaceae,sp,SH204954.07FU,,
1007,OTU,31152,2,Fungi,,,,,,,,,,
1108,OTU,31158,2,Fungi,Ascomycota,Dothideomycetes,Pleosporales,unidentified,unidentified,Pleosporales,sp,SH460059.07FU,,
796,OTU,31238,2,Fungi,Ascomycota,Leotiomycetes,Helotiales,Incertae,,,,,,
918,OTU,31408,2,Fungi,Ascomycota,,,,,,,,,
823,OTU,31437,2,Fungi,Ascomycota,,,,,,,,,
,OTU,31487,2,Fungi,Ascomycota,Sordariomycetes,Chaetosphaeriales,Chaetosphaeriaceae,,,,,,
1056,OTU,31490,2,Fungi,,,,,,,,,,
877,OTU,31573,2,Fungi,,,,,,,,,,
847,OTU,31588,2,Fungi,Ascomycota,,,,,,,,,
821,OTU,31729,2,Fungi,Ascomycota,Leotiomycetes,Incertae,Incertae,Leohumicola,Leohumicola,minima,SH110236.07FU,,
1166,OTU,31834,2,Fungi,unidentified,unidentified,unidentified,unidentified,unidentified,Fungi,sp,SH215930.07FU,,
1110,OTU,31841,2,Fungi,,,,,,,,,,
1085,OTU,31846,2,Fungi,Ascomycota,Leotiomycetes,Helotiales,unidentified,unidentified,Helotiales,sp,SH194252.07FU,,
1140,OTU,32036,2,Fungi,Ascomycota,,,,,,,,,
1131,OTU,32135,2,Fungi,Ascomycota,Sordariomycetes,Incertae,Glomerellaceae,Colletotrichum,Colletotrichum,sp,SH001915.07FU,,
798,OTU,32200,2,Fungi,Ascomycota,,,,,,,,,
1080,OTU,32205,2,Fungi,,,,,,,,,,
895,OTU,32218,2,Fungi,Ascomycota,Incertae,Incertae,Incertae,Collembolispora,Collembolispora,barbata,SH186791.07FU,,
962,OTU,32220,2,Fungi,Ascomycota,unidentified,unidentified,unidentified,unidentified,Ascomycota,sp,SH215260.07FU,,
897,OTU,32226,2,Fungi,Ascomycota,Leotiomycetes,Incertae,Incertae,Leohumicola,,,,,
1009,OTU,32231,2,Fungi,Ascomycota,Leotiomycetes,Helotiales,Dermateaceae,,,,,,
822,OTU,32254,2,Fungi,Ascomycota,unidentified,unidentified,unidentified,unidentified,Ascomycota,sp,SH183333.07FU,,
1118,OTU,32278,2,Fungi,Ascomycota,Leotiomycetes,Helotiales,unidentified,unidentified,,,,,
808,OTU,32349,2,Fungi,Ascomycota,Leotiomycetes,Helotiales,unidentified,unidentified,Helotiales,sp,SH218119.07FU,,
936,OTU,32357,2,Fungi,Ascomycota,,,,,,,,,
1102,OTU,32482,2,Fungi,Rozellomycota,unidentified,unidentified,unidentified,unidentified,,,,,
1039,OTU,32530,2,Fungi,Ascomycota,,,,,,,,,
826,OTU,32609,2,Fungi,Ascomycota,Dothideomycetes,Pleosporales,Cucurbitariaceae,Pyrenochaetopsis,Pyrenochaetopsis,pratorum,SH198998.07FU,,
934,OTU,32618,2,Fungi,Ascomycota,Leotiomycetes,Helotiales,unidentified,unidentified,Helotiales,sp,SH179788.07FU,,
953,OTU,32619,2,Fungi,Ascomycota,Leotiomycetes,Incertae,Incertae,Leohumicola,Leohumicola,sp,SH018499.07FU,,
1026,OTU,32634,2,Fungi,Ascomycota,Leotiomycetes,Helotiales,Hyaloscyphaceae,Lachnum,Lachnum,pygmaeum,SH201605.07FU,,
837,OTU,32635,2,Fungi,Ascomycota,unidentified,unidentified,unidentified,unidentified,Ascomycota,sp,SH183333.07FU,,
1037,OTU,32645,2,Fungi,Ascomycota,Leotiomycetes,Helotiales,unidentified,unidentified,,,,,
1093,OTU,32648,2,Fungi,Ascomycota,Leotiomycetes,Helotiales,unidentified,unidentified,,,,,
1069,OTU,32737,2,Fungi,Ascomycota,Leotiomycetes,,,,,,,,
874,OTU,32784,2,Fungi,Ascomycota,Leotiomycetes,Helotiales,unidentified,unidentified,Helotiales,sp,SH195222.07FU,,
856,OTU,32971,2,Fungi,Ascomycota,Leotiomycetes,Helotiales,,,,,,,
1057,OTU,32993,2,Fungi,Ascomycota,Leotiomycetes,Helotiales,,,,,,,
1036,OTU,32997,2,Fungi,Ascomycota,Leotiomycetes,Helotiales,unidentified,unidentified,,,,,
912,OTU,32999,2,Fungi,Ascomycota,,,,,,,,,
1180,OTU,33013,2,Fungi,Ascomycota,Leotiomycetes,Helotiales,,,,,,,
922,OTU,33031,2,Fungi,Ascomycota,Leotiomycetes,Helotiales,unidentified,unidentified,Helotiales,sp,SH195222.07FU,,
845,OTU,33272,2,Fungi,Ascomycota,Leotiomycetes,Helotiales,unidentified,unidentified,Helotiales,sp,SH013010.07FU,,
868,OTU,33289,2,Fungi,Ascomycota,Leotiomycetes,,,,,,,,
1031,OTU,33292,2,Fungi,Ascomycota,Leotiomycetes,Helotiales,Helotiaceae,Dimorphospora,Dimorphospora,sp,SH203624.07FU,,
1042,OTU,33314,2,Fungi,Ascomycota,Leotiomycetes,Helotiales,unidentified,unidentified,Helotiales,sp,SH195227.07FU,,
1090,OTU,33323,2,Fungi,Ascomycota,,,,,,,,,
1196,OTU,33335,2,Fungi,Ascomycota,Leotiomycetes,Helotiales,Helotiaceae,Crocicreas,Crocicreas,sp,SH211849.07FU,,
948,OTU,33379,2,Fungi,Ascomycota,Leotiomycetes,Helotiales,unidentified,unidentified,Helotiales,sp,SH195222.07FU,,
1176,OTU,33516,2,Fungi,,,,,,,,,,
935,OTU,33570,2,Fungi,Ascomycota,Leotiomycetes,,,,,,,,
1081,OTU,33616,2,Fungi,Ascomycota,,,,,,,,,
854,OTU,33664,2,Fungi,Ascomycota,Leotiomycetes,Helotiales,unidentified,unidentified,Helotiales,sp,SH206132.07FU,,
1050,OTU,33805,2,Fungi,Ascomycota,,,,,,,,,
886,OTU,33828,2,Fungi,Ascomycota,unidentified,unidentified,unidentified,unidentified,Ascomycota,sp,SH013885.07FU,,
1139,OTU,33881,2,Fungi,,,,,,,,,,
881,OTU,34008,2,Fungi,Ascomycota,Archaeorhizomycetes,Archaeorhizomycetales,Archaeorhizomycetaceae,Archaeorhizomyces,Archaeorhizomyces,sp,SH025552.07FU,,
1142,OTU,34017,2,Fungi,Ascomycota,Leotiomycetes,,,,,,,,
1184,OTU,34072,2,Fungi,,,,,,,,,,
1071,OTU,34130,2,Fungi,,,,,,,,,,
896,OTU,34252,2,Fungi,Ascomycota,Archaeorhizomycetes,Archaeorhizomycetales,Archaeorhizomycetaceae,Archaeorhizomyces,Archaeorhizomyces,sp,SH025552.07FU,,
943,OTU,34253,2,Fungi,Ascomycota,Archaeorhizomycetes,Archaeorhizomycetales,Archaeorhizomycetaceae,Archaeorhizomyces,Archaeorhizomyces,sp,SH025552.07FU,,
981,OTU,34325,2,Fungi,,,,,,,,,,
861,OTU,34368,2,Fungi,Rozellomycota,unidentified,unidentified,unidentified,unidentified,Rozellomycota,sp,SH204503.07FU,,
994,OTU,34381,2,Fungi,,,,,,,,,,
1092,OTU,34402,2,Fungi,,,,,,,,,,
992,OTU,34404,2,Fungi,,,,,,,,,,
1120,OTU,34506,2,Fungi,,,,,,,,,,
1203,OTU,34554,2,Fungi,,,,,,,,,,
894,OTU,34610,2,Fungi,Ascomycota,Archaeorhizomycetes,Archaeorhizomycetales,Archaeorhizomycetaceae,Archaeorhizomyces,,,,,
1083,OTU,34719,2,Fungi,,,,,,,,,,
904,OTU,34820,2,Fungi,Ascomycota,Archaeorhizomycetes,Archaeorhizomycetales,Archaeorhizomycetaceae,Archaeorhizomyces,,,,,
1194,OTU,35063,2,Fungi,,,,,,,,,,
969,OTU,35304,2,Fungi,Ascomycota,Archaeorhizomycetes,Archaeorhizomycetales,Archaeorhizomycetaceae,Archaeorhizomyces,Archaeorhizomyces,sp,SH004480.07FU,,
1137,OTU,35344,2,Fungi,Ascomycota,Archaeorhizomycetes,Archaeorhizomycetales,Archaeorhizomycetaceae,Archaeorhizomyces,Archaeorhizomyces,sp,SH004480.07FU,,
1002,OTU,35462,2,Fungi,unidentified,unidentified,unidentified,unidentified,unidentified,Fungi,sp,SH031125.07FU,,
998,OTU,35734,2,Fungi,,,,,,,,,,